name	fen
Fischer Random 0	bbqnnrkr/pppppppp/8/8/8/8/PPPPPPPP/BBQNNRKR w KQkq - 0 1
Fischer Random 1	bqnbnrkr/pppppppp/8/8/8/8/PPPPPPPP/BQNBNRKR w KQkq - 0 1
Fischer Random 2	bqnnrbkr/pppppppp/8/8/8/8/PPPPPPPP/BQNNRBKR w KQkq - 0 1
Fischer Random 3	bqnnrkrb/pppppppp/8/8/8/8/PPPPPPPP/BQNNRKRB w KQkq - 0 1
Fischer Random 4	qbbnnrkr/pppppppp/8/8/8/8/PPPPPPPP/QBBNNRKR w KQkq - 0 1
Fischer Random 5	qnbbnrkr/pppppppp/8/8/8/8/PPPPPPPP/QNBBNRKR w KQkq - 0 1
Fischer Random 6	qnbnrbkr/pppppppp/8/8/8/8/PPPPPPPP/QNBNRBKR w KQkq - 0 1
Fischer Random 7	qnbnrkrb/pppppppp/8/8/8/8/PPPPPPPP/QNBNRKRB w KQkq - 0 1
Fischer Random 8	qbnnbrkr/pppppppp/8/8/8/8/PPPPPPPP/QBNNBRKR w KQkq - 0 1
Fischer Random 9	qnnbbrkr/pppppppp/8/8/8/8/PPPPPPPP/QNNBBRKR w KQkq - 0 1
Fischer Random 10	qnnrbbkr/pppppppp/8/8/8/8/PPPPPPPP/QNNRBBKR w KQkq - 0 1
Fischer Random 11	qnnrbkrb/pppppppp/8/8/8/8/PPPPPPPP/QNNRBKRB w KQkq - 0 1
Fischer Random 12	qbnnrkbr/pppppppp/8/8/8/8/PPPPPPPP/QBNNRKBR w KQkq - 0 1
Fischer Random 13	qnnbrkbr/pppppppp/8/8/8/8/PPPPPPPP/QNNBRKBR w KQkq - 0 1
Fischer Random 14	qnnrkbbr/pppppppp/8/8/8/8/PPPPPPPP/QNNRKBBR w KQkq - 0 1
Fischer Random 15	qnnrkrbb/pppppppp/8/8/8/8/PPPPPPPP/QNNRKRBB w KQkq - 0 1
Fischer Random 16	bbnqnrkr/pppppppp/8/8/8/8/PPPPPPPP/BBNQNRKR w KQkq - 0 1
Fischer Random 17	bnqbnrkr/pppppppp/8/8/8/8/PPPPPPPP/BNQBNRKR w KQkq - 0 1
Fischer Random 18	bnqnrbkr/pppppppp/8/8/8/8/PPPPPPPP/BNQNRBKR w KQkq - 0 1
Fischer Random 19	bnqnrkrb/pppppppp/8/8/8/8/PPPPPPPP/BNQNRKRB w KQkq - 0 1
Fischer Random 20	nbbqnrkr/pppppppp/8/8/8/8/PPPPPPPP/NBBQNRKR w KQkq - 0 1
Fischer Random 21	nqbbnrkr/pppppppp/8/8/8/8/PPPPPPPP/NQBBNRKR w KQkq - 0 1
Fischer Random 22	nqbnrbkr/pppppppp/8/8/8/8/PPPPPPPP/NQBNRBKR w KQkq - 0 1
Fischer Random 23	nqbnrkrb/pppppppp/8/8/8/8/PPPPPPPP/NQBNRKRB w KQkq - 0 1
Fischer Random 24	nbqnbrkr/pppppppp/8/8/8/8/PPPPPPPP/NBQNBRKR w KQkq - 0 1
Fischer Random 25	nqnbbrkr/pppppppp/8/8/8/8/PPPPPPPP/NQNBBRKR w KQkq - 0 1
Fischer Random 26	nqnrbbkr/pppppppp/8/8/8/8/PPPPPPPP/NQNRBBKR w KQkq - 0 1
Fischer Random 27	nqnrbkrb/pppppppp/8/8/8/8/PPPPPPPP/NQNRBKRB w KQkq - 0 1
Fischer Random 28	nbqnrkbr/pppppppp/8/8/8/8/PPPPPPPP/NBQNRKBR w KQkq - 0 1
Fischer Random 29	nqnbrkbr/pppppppp/8/8/8/8/PPPPPPPP/NQNBRKBR w KQkq - 0 1
Fischer Random 30	nqnrkbbr/pppppppp/8/8/8/8/PPPPPPPP/NQNRKBBR w KQkq - 0 1
Fischer Random 31	nqnrkrbb/pppppppp/8/8/8/8/PPPPPPPP/NQNRKRBB w KQkq - 0 1
Fischer Random 32	bbnnqrkr/pppppppp/8/8/8/8/PPPPPPPP/BBNNQRKR w KQkq - 0 1
Fischer Random 33	bnnbqrkr/pppppppp/8/8/8/8/PPPPPPPP/BNNBQRKR w KQkq - 0 1
Fischer Random 34	bnnqrbkr/pppppppp/8/8/8/8/PPPPPPPP/BNNQRBKR w KQkq - 0 1
Fischer Random 35	bnnqrkrb/pppppppp/8/8/8/8/PPPPPPPP/BNNQRKRB w KQkq - 0 1
Fischer Random 36	nbbnqrkr/pppppppp/8/8/8/8/PPPPPPPP/NBBNQRKR w KQkq - 0 1
Fischer Random 37	nnbbqrkr/pppppppp/8/8/8/8/PPPPPPPP/NNBBQRKR w KQkq - 0 1
Fischer Random 38	nnbqrbkr/pppppppp/8/8/8/8/PPPPPPPP/NNBQRBKR w KQkq - 0 1
Fischer Random 39	nnbqrkrb/pppppppp/8/8/8/8/PPPPPPPP/NNBQRKRB w KQkq - 0 1
Fischer Random 40	nbnqbrkr/pppppppp/8/8/8/8/PPPPPPPP/NBNQBRKR w KQkq - 0 1
Fischer Random 41	nnqbbrkr/pppppppp/8/8/8/8/PPPPPPPP/NNQBBRKR w KQkq - 0 1
Fischer Random 42	nnqrbbkr/pppppppp/8/8/8/8/PPPPPPPP/NNQRBBKR w KQkq - 0 1
Fischer Random 43	nnqrbkrb/pppppppp/8/8/8/8/PPPPPPPP/NNQRBKRB w KQkq - 0 1
Fischer Random 44	nbnqrkbr/pppppppp/8/8/8/8/PPPPPPPP/NBNQRKBR w KQkq - 0 1
Fischer Random 45	nnqbrkbr/pppppppp/8/8/8/8/PPPPPPPP/NNQBRKBR w KQkq - 0 1
Fischer Random 46	nnqrkbbr/pppppppp/8/8/8/8/PPPPPPPP/NNQRKBBR w KQkq - 0 1
Fischer Random 47	nnqrkrbb/pppppppp/8/8/8/8/PPPPPPPP/NNQRKRBB w KQkq - 0 1
Fischer Random 48	bbnnrqkr/pppppppp/8/8/8/8/PPPPPPPP/BBNNRQKR w KQkq - 0 1
Fischer Random 49	bnnbrqkr/pppppppp/8/8/8/8/PPPPPPPP/BNNBRQKR w KQkq - 0 1
Fischer Random 50	bnnrqbkr/pppppppp/8/8/8/8/PPPPPPPP/BNNRQBKR w KQkq - 0 1
Fischer Random 51	bnnrqkrb/pppppppp/8/8/8/8/PPPPPPPP/BNNRQKRB w KQkq - 0 1
Fischer Random 52	nbbnrqkr/pppppppp/8/8/8/8/PPPPPPPP/NBBNRQKR w KQkq - 0 1
Fischer Random 53	nnbbrqkr/pppppppp/8/8/8/8/PPPPPPPP/NNBBRQKR w KQkq - 0 1
Fischer Random 54	nnbrqbkr/pppppppp/8/8/8/8/PPPPPPPP/NNBRQBKR w KQkq - 0 1
Fischer Random 55	nnbrqkrb/pppppppp/8/8/8/8/PPPPPPPP/NNBRQKRB w KQkq - 0 1
Fischer Random 56	nbnrbqkr/pppppppp/8/8/8/8/PPPPPPPP/NBNRBQKR w KQkq - 0 1
Fischer Random 57	nnrbbqkr/pppppppp/8/8/8/8/PPPPPPPP/NNRBBQKR w KQkq - 0 1
Fischer Random 58	nnrqbbkr/pppppppp/8/8/8/8/PPPPPPPP/NNRQBBKR w KQkq - 0 1
Fischer Random 59	nnrqbkrb/pppppppp/8/8/8/8/PPPPPPPP/NNRQBKRB w KQkq - 0 1
Fischer Random 60	nbnrqkbr/pppppppp/8/8/8/8/PPPPPPPP/NBNRQKBR w KQkq - 0 1
Fischer Random 61	nnrbqkbr/pppppppp/8/8/8/8/PPPPPPPP/NNRBQKBR w KQkq - 0 1
Fischer Random 62	nnrqkbbr/pppppppp/8/8/8/8/PPPPPPPP/NNRQKBBR w KQkq - 0 1
Fischer Random 63	nnrqkrbb/pppppppp/8/8/8/8/PPPPPPPP/NNRQKRBB w KQkq - 0 1
Fischer Random 64	bbnnrkqr/pppppppp/8/8/8/8/PPPPPPPP/BBNNRKQR w KQkq - 0 1
Fischer Random 65	bnnbrkqr/pppppppp/8/8/8/8/PPPPPPPP/BNNBRKQR w KQkq - 0 1
Fischer Random 66	bnnrkbqr/pppppppp/8/8/8/8/PPPPPPPP/BNNRKBQR w KQkq - 0 1
Fischer Random 67	bnnrkqrb/pppppppp/8/8/8/8/PPPPPPPP/BNNRKQRB w KQkq - 0 1
Fischer Random 68	nbbnrkqr/pppppppp/8/8/8/8/PPPPPPPP/NBBNRKQR w KQkq - 0 1
Fischer Random 69	nnbbrkqr/pppppppp/8/8/8/8/PPPPPPPP/NNBBRKQR w KQkq - 0 1
Fischer Random 70	nnbrkbqr/pppppppp/8/8/8/8/PPPPPPPP/NNBRKBQR w KQkq - 0 1
Fischer Random 71	nnbrkqrb/pppppppp/8/8/8/8/PPPPPPPP/NNBRKQRB w KQkq - 0 1
Fischer Random 72	nbnrbkqr/pppppppp/8/8/8/8/PPPPPPPP/NBNRBKQR w KQkq - 0 1
Fischer Random 73	nnrbbkqr/pppppppp/8/8/8/8/PPPPPPPP/NNRBBKQR w KQkq - 0 1
Fischer Random 74	nnrkbbqr/pppppppp/8/8/8/8/PPPPPPPP/NNRKBBQR w KQkq - 0 1
Fischer Random 75	nnrkbqrb/pppppppp/8/8/8/8/PPPPPPPP/NNRKBQRB w KQkq - 0 1
Fischer Random 76	nbnrkqbr/pppppppp/8/8/8/8/PPPPPPPP/NBNRKQBR w KQkq - 0 1
Fischer Random 77	nnrbkqbr/pppppppp/8/8/8/8/PPPPPPPP/NNRBKQBR w KQkq - 0 1
Fischer Random 78	nnrkqbbr/pppppppp/8/8/8/8/PPPPPPPP/NNRKQBBR w KQkq - 0 1
Fischer Random 79	nnrkqrbb/pppppppp/8/8/8/8/PPPPPPPP/NNRKQRBB w KQkq - 0 1
Fischer Random 80	bbnnrkrq/pppppppp/8/8/8/8/PPPPPPPP/BBNNRKRQ w KQkq - 0 1
Fischer Random 81	bnnbrkrq/pppppppp/8/8/8/8/PPPPPPPP/BNNBRKRQ w KQkq - 0 1
Fischer Random 82	bnnrkbrq/pppppppp/8/8/8/8/PPPPPPPP/BNNRKBRQ w KQkq - 0 1
Fischer Random 83	bnnrkrqb/pppppppp/8/8/8/8/PPPPPPPP/BNNRKRQB w KQkq - 0 1
Fischer Random 84	nbbnrkrq/pppppppp/8/8/8/8/PPPPPPPP/NBBNRKRQ w KQkq - 0 1
Fischer Random 85	nnbbrkrq/pppppppp/8/8/8/8/PPPPPPPP/NNBBRKRQ w KQkq - 0 1
Fischer Random 86	nnbrkbrq/pppppppp/8/8/8/8/PPPPPPPP/NNBRKBRQ w KQkq - 0 1
Fischer Random 87	nnbrkrqb/pppppppp/8/8/8/8/PPPPPPPP/NNBRKRQB w KQkq - 0 1
Fischer Random 88	nbnrbkrq/pppppppp/8/8/8/8/PPPPPPPP/NBNRBKRQ w KQkq - 0 1
Fischer Random 89	nnrbbkrq/pppppppp/8/8/8/8/PPPPPPPP/NNRBBKRQ w KQkq - 0 1
Fischer Random 90	nnrkbbrq/pppppppp/8/8/8/8/PPPPPPPP/NNRKBBRQ w KQkq - 0 1
Fischer Random 91	nnrkbrqb/pppppppp/8/8/8/8/PPPPPPPP/NNRKBRQB w KQkq - 0 1
Fischer Random 92	nbnrkrbq/pppppppp/8/8/8/8/PPPPPPPP/NBNRKRBQ w KQkq - 0 1
Fischer Random 93	nnrbkrbq/pppppppp/8/8/8/8/PPPPPPPP/NNRBKRBQ w KQkq - 0 1
Fischer Random 94	nnrkrbbq/pppppppp/8/8/8/8/PPPPPPPP/NNRKRBBQ w KQkq - 0 1
Fischer Random 95	nnrkrqbb/pppppppp/8/8/8/8/PPPPPPPP/NNRKRQBB w KQkq - 0 1
Fischer Random 96	bbqnrnkr/pppppppp/8/8/8/8/PPPPPPPP/BBQNRNKR w KQkq - 0 1
Fischer Random 97	bqnbrnkr/pppppppp/8/8/8/8/PPPPPPPP/BQNBRNKR w KQkq - 0 1
Fischer Random 98	bqnrnbkr/pppppppp/8/8/8/8/PPPPPPPP/BQNRNBKR w KQkq - 0 1
Fischer Random 99	bqnrnkrb/pppppppp/8/8/8/8/PPPPPPPP/BQNRNKRB w KQkq - 0 1
Fischer Random 100	qbbnrnkr/pppppppp/8/8/8/8/PPPPPPPP/QBBNRNKR w KQkq - 0 1
Fischer Random 101	qnbbrnkr/pppppppp/8/8/8/8/PPPPPPPP/QNBBRNKR w KQkq - 0 1
Fischer Random 102	qnbrnbkr/pppppppp/8/8/8/8/PPPPPPPP/QNBRNBKR w KQkq - 0 1
Fischer Random 103	qnbrnkrb/pppppppp/8/8/8/8/PPPPPPPP/QNBRNKRB w KQkq - 0 1
Fischer Random 104	qbnrbnkr/pppppppp/8/8/8/8/PPPPPPPP/QBNRBNKR w KQkq - 0 1
Fischer Random 105	qnrbbnkr/pppppppp/8/8/8/8/PPPPPPPP/QNRBBNKR w KQkq - 0 1
Fischer Random 106	qnrnbbkr/pppppppp/8/8/8/8/PPPPPPPP/QNRNBBKR w KQkq - 0 1
Fischer Random 107	qnrnbkrb/pppppppp/8/8/8/8/PPPPPPPP/QNRNBKRB w KQkq - 0 1
Fischer Random 108	qbnrnkbr/pppppppp/8/8/8/8/PPPPPPPP/QBNRNKBR w KQkq - 0 1
Fischer Random 109	qnrbnkbr/pppppppp/8/8/8/8/PPPPPPPP/QNRBNKBR w KQkq - 0 1
Fischer Random 110	qnrnkbbr/pppppppp/8/8/8/8/PPPPPPPP/QNRNKBBR w KQkq - 0 1
Fischer Random 111	qnrnkrbb/pppppppp/8/8/8/8/PPPPPPPP/QNRNKRBB w KQkq - 0 1
Fischer Random 112	bbnqrnkr/pppppppp/8/8/8/8/PPPPPPPP/BBNQRNKR w KQkq - 0 1
Fischer Random 113	bnqbrnkr/pppppppp/8/8/8/8/PPPPPPPP/BNQBRNKR w KQkq - 0 1
Fischer Random 114	bnqrnbkr/pppppppp/8/8/8/8/PPPPPPPP/BNQRNBKR w KQkq - 0 1
Fischer Random 115	bnqrnkrb/pppppppp/8/8/8/8/PPPPPPPP/BNQRNKRB w KQkq - 0 1
Fischer Random 116	nbbqrnkr/pppppppp/8/8/8/8/PPPPPPPP/NBBQRNKR w KQkq - 0 1
Fischer Random 117	nqbbrnkr/pppppppp/8/8/8/8/PPPPPPPP/NQBBRNKR w KQkq - 0 1
Fischer Random 118	nqbrnbkr/pppppppp/8/8/8/8/PPPPPPPP/NQBRNBKR w KQkq - 0 1
Fischer Random 119	nqbrnkrb/pppppppp/8/8/8/8/PPPPPPPP/NQBRNKRB w KQkq - 0 1
Fischer Random 120	nbqrbnkr/pppppppp/8/8/8/8/PPPPPPPP/NBQRBNKR w KQkq - 0 1
Fischer Random 121	nqrbbnkr/pppppppp/8/8/8/8/PPPPPPPP/NQRBBNKR w KQkq - 0 1
Fischer Random 122	nqrnbbkr/pppppppp/8/8/8/8/PPPPPPPP/NQRNBBKR w KQkq - 0 1
Fischer Random 123	nqrnbkrb/pppppppp/8/8/8/8/PPPPPPPP/NQRNBKRB w KQkq - 0 1
Fischer Random 124	nbqrnkbr/pppppppp/8/8/8/8/PPPPPPPP/NBQRNKBR w KQkq - 0 1
Fischer Random 125	nqrbnkbr/pppppppp/8/8/8/8/PPPPPPPP/NQRBNKBR w KQkq - 0 1
Fischer Random 126	nqrnkbbr/pppppppp/8/8/8/8/PPPPPPPP/NQRNKBBR w KQkq - 0 1
Fischer Random 127	nqrnkrbb/pppppppp/8/8/8/8/PPPPPPPP/NQRNKRBB w KQkq - 0 1
Fischer Random 128	bbnrqnkr/pppppppp/8/8/8/8/PPPPPPPP/BBNRQNKR w KQkq - 0 1
Fischer Random 129	bnrbqnkr/pppppppp/8/8/8/8/PPPPPPPP/BNRBQNKR w KQkq - 0 1
Fischer Random 130	bnrqnbkr/pppppppp/8/8/8/8/PPPPPPPP/BNRQNBKR w KQkq - 0 1
Fischer Random 131	bnrqnkrb/pppppppp/8/8/8/8/PPPPPPPP/BNRQNKRB w KQkq - 0 1
Fischer Random 132	nbbrqnkr/pppppppp/8/8/8/8/PPPPPPPP/NBBRQNKR w KQkq - 0 1
Fischer Random 133	nrbbqnkr/pppppppp/8/8/8/8/PPPPPPPP/NRBBQNKR w KQkq - 0 1
Fischer Random 134	nrbqnbkr/pppppppp/8/8/8/8/PPPPPPPP/NRBQNBKR w KQkq - 0 1
Fischer Random 135	nrbqnkrb/pppppppp/8/8/8/8/PPPPPPPP/NRBQNKRB w KQkq - 0 1
Fischer Random 136	nbrqbnkr/pppppppp/8/8/8/8/PPPPPPPP/NBRQBNKR w KQkq - 0 1
Fischer Random 137	nrqbbnkr/pppppppp/8/8/8/8/PPPPPPPP/NRQBBNKR w KQkq - 0 1
Fischer Random 138	nrqnbbkr/pppppppp/8/8/8/8/PPPPPPPP/NRQNBBKR w KQkq - 0 1
Fischer Random 139	nrqnbkrb/pppppppp/8/8/8/8/PPPPPPPP/NRQNBKRB w KQkq - 0 1
Fischer Random 140	nbrqnkbr/pppppppp/8/8/8/8/PPPPPPPP/NBRQNKBR w KQkq - 0 1
Fischer Random 141	nrqbnkbr/pppppppp/8/8/8/8/PPPPPPPP/NRQBNKBR w KQkq - 0 1
Fischer Random 142	nrqnkbbr/pppppppp/8/8/8/8/PPPPPPPP/NRQNKBBR w KQkq - 0 1
Fischer Random 143	nrqnkrbb/pppppppp/8/8/8/8/PPPPPPPP/NRQNKRBB w KQkq - 0 1
Fischer Random 144	bbnrnqkr/pppppppp/8/8/8/8/PPPPPPPP/BBNRNQKR w KQkq - 0 1
Fischer Random 145	bnrbnqkr/pppppppp/8/8/8/8/PPPPPPPP/BNRBNQKR w KQkq - 0 1
Fischer Random 146	bnrnqbkr/pppppppp/8/8/8/8/PPPPPPPP/BNRNQBKR w KQkq - 0 1
Fischer Random 147	bnrnqkrb/pppppppp/8/8/8/8/PPPPPPPP/BNRNQKRB w KQkq - 0 1
Fischer Random 148	nbbrnqkr/pppppppp/8/8/8/8/PPPPPPPP/NBBRNQKR w KQkq - 0 1
Fischer Random 149	nrbbnqkr/pppppppp/8/8/8/8/PPPPPPPP/NRBBNQKR w KQkq - 0 1
Fischer Random 150	nrbnqbkr/pppppppp/8/8/8/8/PPPPPPPP/NRBNQBKR w KQkq - 0 1
Fischer Random 151	nrbnqkrb/pppppppp/8/8/8/8/PPPPPPPP/NRBNQKRB w KQkq - 0 1
Fischer Random 152	nbrnbqkr/pppppppp/8/8/8/8/PPPPPPPP/NBRNBQKR w KQkq - 0 1
Fischer Random 153	nrnbbqkr/pppppppp/8/8/8/8/PPPPPPPP/NRNBBQKR w KQkq - 0 1
Fischer Random 154	nrnqbbkr/pppppppp/8/8/8/8/PPPPPPPP/NRNQBBKR w KQkq - 0 1
Fischer Random 155	nrnqbkrb/pppppppp/8/8/8/8/PPPPPPPP/NRNQBKRB w KQkq - 0 1
Fischer Random 156	nbrnqkbr/pppppppp/8/8/8/8/PPPPPPPP/NBRNQKBR w KQkq - 0 1
Fischer Random 157	nrnbqkbr/pppppppp/8/8/8/8/PPPPPPPP/NRNBQKBR w KQkq - 0 1
Fischer Random 158	nrnqkbbr/pppppppp/8/8/8/8/PPPPPPPP/NRNQKBBR w KQkq - 0 1
Fischer Random 159	nrnqkrbb/pppppppp/8/8/8/8/PPPPPPPP/NRNQKRBB w KQkq - 0 1
Fischer Random 160	bbnrnkqr/pppppppp/8/8/8/8/PPPPPPPP/BBNRNKQR w KQkq - 0 1
Fischer Random 161	bnrbnkqr/pppppppp/8/8/8/8/PPPPPPPP/BNRBNKQR w KQkq - 0 1
Fischer Random 162	bnrnkbqr/pppppppp/8/8/8/8/PPPPPPPP/BNRNKBQR w KQkq - 0 1
Fischer Random 163	bnrnkqrb/pppppppp/8/8/8/8/PPPPPPPP/BNRNKQRB w KQkq - 0 1
Fischer Random 164	nbbrnkqr/pppppppp/8/8/8/8/PPPPPPPP/NBBRNKQR w KQkq - 0 1
Fischer Random 165	nrbbnkqr/pppppppp/8/8/8/8/PPPPPPPP/NRBBNKQR w KQkq - 0 1
Fischer Random 166	nrbnkbqr/pppppppp/8/8/8/8/PPPPPPPP/NRBNKBQR w KQkq - 0 1
Fischer Random 167	nrbnkqrb/pppppppp/8/8/8/8/PPPPPPPP/NRBNKQRB w KQkq - 0 1
Fischer Random 168	nbrnbkqr/pppppppp/8/8/8/8/PPPPPPPP/NBRNBKQR w KQkq - 0 1
Fischer Random 169	nrnbbkqr/pppppppp/8/8/8/8/PPPPPPPP/NRNBBKQR w KQkq - 0 1
Fischer Random 170	nrnkbbqr/pppppppp/8/8/8/8/PPPPPPPP/NRNKBBQR w KQkq - 0 1
Fischer Random 171	nrnkbqrb/pppppppp/8/8/8/8/PPPPPPPP/NRNKBQRB w KQkq - 0 1
Fischer Random 172	nbrnkqbr/pppppppp/8/8/8/8/PPPPPPPP/NBRNKQBR w KQkq - 0 1
Fischer Random 173	nrnbkqbr/pppppppp/8/8/8/8/PPPPPPPP/NRNBKQBR w KQkq - 0 1
Fischer Random 174	nrnkqbbr/pppppppp/8/8/8/8/PPPPPPPP/NRNKQBBR w KQkq - 0 1
Fischer Random 175	nrnkqrbb/pppppppp/8/8/8/8/PPPPPPPP/NRNKQRBB w KQkq - 0 1
Fischer Random 176	bbnrnkrq/pppppppp/8/8/8/8/PPPPPPPP/BBNRNKRQ w KQkq - 0 1
Fischer Random 177	bnrbnkrq/pppppppp/8/8/8/8/PPPPPPPP/BNRBNKRQ w KQkq - 0 1
Fischer Random 178	bnrnkbrq/pppppppp/8/8/8/8/PPPPPPPP/BNRNKBRQ w KQkq - 0 1
Fischer Random 179	bnrnkrqb/pppppppp/8/8/8/8/PPPPPPPP/BNRNKRQB w KQkq - 0 1
Fischer Random 180	nbbrnkrq/pppppppp/8/8/8/8/PPPPPPPP/NBBRNKRQ w KQkq - 0 1
Fischer Random 181	nrbbnkrq/pppppppp/8/8/8/8/PPPPPPPP/NRBBNKRQ w KQkq - 0 1
Fischer Random 182	nrbnkbrq/pppppppp/8/8/8/8/PPPPPPPP/NRBNKBRQ w KQkq - 0 1
Fischer Random 183	nrbnkrqb/pppppppp/8/8/8/8/PPPPPPPP/NRBNKRQB w KQkq - 0 1
Fischer Random 184	nbrnbkrq/pppppppp/8/8/8/8/PPPPPPPP/NBRNBKRQ w KQkq - 0 1
Fischer Random 185	nrnbbkrq/pppppppp/8/8/8/8/PPPPPPPP/NRNBBKRQ w KQkq - 0 1
Fischer Random 186	nrnkbbrq/pppppppp/8/8/8/8/PPPPPPPP/NRNKBBRQ w KQkq - 0 1
Fischer Random 187	nrnkbrqb/pppppppp/8/8/8/8/PPPPPPPP/NRNKBRQB w KQkq - 0 1
Fischer Random 188	nbrnkrbq/pppppppp/8/8/8/8/PPPPPPPP/NBRNKRBQ w KQkq - 0 1
Fischer Random 189	nrnbkrbq/pppppppp/8/8/8/8/PPPPPPPP/NRNBKRBQ w KQkq - 0 1
Fischer Random 190	nrnkrbbq/pppppppp/8/8/8/8/PPPPPPPP/NRNKRBBQ w KQkq - 0 1
Fischer Random 191	nrnkrqbb/pppppppp/8/8/8/8/PPPPPPPP/NRNKRQBB w KQkq - 0 1
Fischer Random 192	bbqnrknr/pppppppp/8/8/8/8/PPPPPPPP/BBQNRKNR w KQkq - 0 1
Fischer Random 193	bqnbrknr/pppppppp/8/8/8/8/PPPPPPPP/BQNBRKNR w KQkq - 0 1
Fischer Random 194	bqnrkbnr/pppppppp/8/8/8/8/PPPPPPPP/BQNRKBNR w KQkq - 0 1
Fischer Random 195	bqnrknrb/pppppppp/8/8/8/8/PPPPPPPP/BQNRKNRB w KQkq - 0 1
Fischer Random 196	qbbnrknr/pppppppp/8/8/8/8/PPPPPPPP/QBBNRKNR w KQkq - 0 1
Fischer Random 197	qnbbrknr/pppppppp/8/8/8/8/PPPPPPPP/QNBBRKNR w KQkq - 0 1
Fischer Random 198	qnbrkbnr/pppppppp/8/8/8/8/PPPPPPPP/QNBRKBNR w KQkq - 0 1
Fischer Random 199	qnbrknrb/pppppppp/8/8/8/8/PPPPPPPP/QNBRKNRB w KQkq - 0 1
Fischer Random 200	qbnrbknr/pppppppp/8/8/8/8/PPPPPPPP/QBNRBKNR w KQkq - 0 1
Fischer Random 201	qnrbbknr/pppppppp/8/8/8/8/PPPPPPPP/QNRBBKNR w KQkq - 0 1
Fischer Random 202	qnrkbbnr/pppppppp/8/8/8/8/PPPPPPPP/QNRKBBNR w KQkq - 0 1
Fischer Random 203	qnrkbnrb/pppppppp/8/8/8/8/PPPPPPPP/QNRKBNRB w KQkq - 0 1
Fischer Random 204	qbnrknbr/pppppppp/8/8/8/8/PPPPPPPP/QBNRKNBR w KQkq - 0 1
Fischer Random 205	qnrbknbr/pppppppp/8/8/8/8/PPPPPPPP/QNRBKNBR w KQkq - 0 1
Fischer Random 206	qnrknbbr/pppppppp/8/8/8/8/PPPPPPPP/QNRKNBBR w KQkq - 0 1
Fischer Random 207	qnrknrbb/pppppppp/8/8/8/8/PPPPPPPP/QNRKNRBB w KQkq - 0 1
Fischer Random 208	bbnqrknr/pppppppp/8/8/8/8/PPPPPPPP/BBNQRKNR w KQkq - 0 1
Fischer Random 209	bnqbrknr/pppppppp/8/8/8/8/PPPPPPPP/BNQBRKNR w KQkq - 0 1
Fischer Random 210	bnqrkbnr/pppppppp/8/8/8/8/PPPPPPPP/BNQRKBNR w KQkq - 0 1
Fischer Random 211	bnqrknrb/pppppppp/8/8/8/8/PPPPPPPP/BNQRKNRB w KQkq - 0 1
Fischer Random 212	nbbqrknr/pppppppp/8/8/8/8/PPPPPPPP/NBBQRKNR w KQkq - 0 1
Fischer Random 213	nqbbrknr/pppppppp/8/8/8/8/PPPPPPPP/NQBBRKNR w KQkq - 0 1
Fischer Random 214	nqbrkbnr/pppppppp/8/8/8/8/PPPPPPPP/NQBRKBNR w KQkq - 0 1
Fischer Random 215	nqbrknrb/pppppppp/8/8/8/8/PPPPPPPP/NQBRKNRB w KQkq - 0 1
Fischer Random 216	nbqrbknr/pppppppp/8/8/8/8/PPPPPPPP/NBQRBKNR w KQkq - 0 1
Fischer Random 217	nqrbbknr/pppppppp/8/8/8/8/PPPPPPPP/NQRBBKNR w KQkq - 0 1
Fischer Random 218	nqrkbbnr/pppppppp/8/8/8/8/PPPPPPPP/NQRKBBNR w KQkq - 0 1
Fischer Random 219	nqrkbnrb/pppppppp/8/8/8/8/PPPPPPPP/NQRKBNRB w KQkq - 0 1
Fischer Random 220	nbqrknbr/pppppppp/8/8/8/8/PPPPPPPP/NBQRKNBR w KQkq - 0 1
Fischer Random 221	nqrbknbr/pppppppp/8/8/8/8/PPPPPPPP/NQRBKNBR w KQkq - 0 1
Fischer Random 222	nqrknbbr/pppppppp/8/8/8/8/PPPPPPPP/NQRKNBBR w KQkq - 0 1
Fischer Random 223	nqrknrbb/pppppppp/8/8/8/8/PPPPPPPP/NQRKNRBB w KQkq - 0 1
Fischer Random 224	bbnrqknr/pppppppp/8/8/8/8/PPPPPPPP/BBNRQKNR w KQkq - 0 1
Fischer Random 225	bnrbqknr/pppppppp/8/8/8/8/PPPPPPPP/BNRBQKNR w KQkq - 0 1
Fischer Random 226	bnrqkbnr/pppppppp/8/8/8/8/PPPPPPPP/BNRQKBNR w KQkq - 0 1
Fischer Random 227	bnrqknrb/pppppppp/8/8/8/8/PPPPPPPP/BNRQKNRB w KQkq - 0 1
Fischer Random 228	nbbrqknr/pppppppp/8/8/8/8/PPPPPPPP/NBBRQKNR w KQkq - 0 1
Fischer Random 229	nrbbqknr/pppppppp/8/8/8/8/PPPPPPPP/NRBBQKNR w KQkq - 0 1
Fischer Random 230	nrbqkbnr/pppppppp/8/8/8/8/PPPPPPPP/NRBQKBNR w KQkq - 0 1
Fischer Random 231	nrbqknrb/pppppppp/8/8/8/8/PPPPPPPP/NRBQKNRB w KQkq - 0 1
Fischer Random 232	nbrqbknr/pppppppp/8/8/8/8/PPPPPPPP/NBRQBKNR w KQkq - 0 1
Fischer Random 233	nrqbbknr/pppppppp/8/8/8/8/PPPPPPPP/NRQBBKNR w KQkq - 0 1
Fischer Random 234	nrqkbbnr/pppppppp/8/8/8/8/PPPPPPPP/NRQKBBNR w KQkq - 0 1
Fischer Random 235	nrqkbnrb/pppppppp/8/8/8/8/PPPPPPPP/NRQKBNRB w KQkq - 0 1
Fischer Random 236	nbrqknbr/pppppppp/8/8/8/8/PPPPPPPP/NBRQKNBR w KQkq - 0 1
Fischer Random 237	nrqbknbr/pppppppp/8/8/8/8/PPPPPPPP/NRQBKNBR w KQkq - 0 1
Fischer Random 238	nrqknbbr/pppppppp/8/8/8/8/PPPPPPPP/NRQKNBBR w KQkq - 0 1
Fischer Random 239	nrqknrbb/pppppppp/8/8/8/8/PPPPPPPP/NRQKNRBB w KQkq - 0 1
Fischer Random 240	bbnrkqnr/pppppppp/8/8/8/8/PPPPPPPP/BBNRKQNR w KQkq - 0 1
Fischer Random 241	bnrbkqnr/pppppppp/8/8/8/8/PPPPPPPP/BNRBKQNR w KQkq - 0 1
Fischer Random 242	bnrkqbnr/pppppppp/8/8/8/8/PPPPPPPP/BNRKQBNR w KQkq - 0 1
Fischer Random 243	bnrkqnrb/pppppppp/8/8/8/8/PPPPPPPP/BNRKQNRB w KQkq - 0 1
Fischer Random 244	nbbrkqnr/pppppppp/8/8/8/8/PPPPPPPP/NBBRKQNR w KQkq - 0 1
Fischer Random 245	nrbbkqnr/pppppppp/8/8/8/8/PPPPPPPP/NRBBKQNR w KQkq - 0 1
Fischer Random 246	nrbkqbnr/pppppppp/8/8/8/8/PPPPPPPP/NRBKQBNR w KQkq - 0 1
Fischer Random 247	nrbkqnrb/pppppppp/8/8/8/8/PPPPPPPP/NRBKQNRB w KQkq - 0 1
Fischer Random 248	nbrkbqnr/pppppppp/8/8/8/8/PPPPPPPP/NBRKBQNR w KQkq - 0 1
Fischer Random 249	nrkbbqnr/pppppppp/8/8/8/8/PPPPPPPP/NRKBBQNR w KQkq - 0 1
Fischer Random 250	nrkqbbnr/pppppppp/8/8/8/8/PPPPPPPP/NRKQBBNR w KQkq - 0 1
Fischer Random 251	nrkqbnrb/pppppppp/8/8/8/8/PPPPPPPP/NRKQBNRB w KQkq - 0 1
Fischer Random 252	nbrkqnbr/pppppppp/8/8/8/8/PPPPPPPP/NBRKQNBR w KQkq - 0 1
Fischer Random 253	nrkbqnbr/pppppppp/8/8/8/8/PPPPPPPP/NRKBQNBR w KQkq - 0 1
Fischer Random 254	nrkqnbbr/pppppppp/8/8/8/8/PPPPPPPP/NRKQNBBR w KQkq - 0 1
Fischer Random 255	nrkqnrbb/pppppppp/8/8/8/8/PPPPPPPP/NRKQNRBB w KQkq - 0 1
Fischer Random 256	bbnrknqr/pppppppp/8/8/8/8/PPPPPPPP/BBNRKNQR w KQkq - 0 1
Fischer Random 257	bnrbknqr/pppppppp/8/8/8/8/PPPPPPPP/BNRBKNQR w KQkq - 0 1
Fischer Random 258	bnrknbqr/pppppppp/8/8/8/8/PPPPPPPP/BNRKNBQR w KQkq - 0 1
Fischer Random 259	bnrknqrb/pppppppp/8/8/8/8/PPPPPPPP/BNRKNQRB w KQkq - 0 1
Fischer Random 260	nbbrknqr/pppppppp/8/8/8/8/PPPPPPPP/NBBRKNQR w KQkq - 0 1
Fischer Random 261	nrbbknqr/pppppppp/8/8/8/8/PPPPPPPP/NRBBKNQR w KQkq - 0 1
Fischer Random 262	nrbknbqr/pppppppp/8/8/8/8/PPPPPPPP/NRBKNBQR w KQkq - 0 1
Fischer Random 263	nrbknqrb/pppppppp/8/8/8/8/PPPPPPPP/NRBKNQRB w KQkq - 0 1
Fischer Random 264	nbrkbnqr/pppppppp/8/8/8/8/PPPPPPPP/NBRKBNQR w KQkq - 0 1
Fischer Random 265	nrkbbnqr/pppppppp/8/8/8/8/PPPPPPPP/NRKBBNQR w KQkq - 0 1
Fischer Random 266	nrknbbqr/pppppppp/8/8/8/8/PPPPPPPP/NRKNBBQR w KQkq - 0 1
Fischer Random 267	nrknbqrb/pppppppp/8/8/8/8/PPPPPPPP/NRKNBQRB w KQkq - 0 1
Fischer Random 268	nbrknqbr/pppppppp/8/8/8/8/PPPPPPPP/NBRKNQBR w KQkq - 0 1
Fischer Random 269	nrkbnqbr/pppppppp/8/8/8/8/PPPPPPPP/NRKBNQBR w KQkq - 0 1
Fischer Random 270	nrknqbbr/pppppppp/8/8/8/8/PPPPPPPP/NRKNQBBR w KQkq - 0 1
Fischer Random 271	nrknqrbb/pppppppp/8/8/8/8/PPPPPPPP/NRKNQRBB w KQkq - 0 1
Fischer Random 272	bbnrknrq/pppppppp/8/8/8/8/PPPPPPPP/BBNRKNRQ w KQkq - 0 1
Fischer Random 273	bnrbknrq/pppppppp/8/8/8/8/PPPPPPPP/BNRBKNRQ w KQkq - 0 1
Fischer Random 274	bnrknbrq/pppppppp/8/8/8/8/PPPPPPPP/BNRKNBRQ w KQkq - 0 1
Fischer Random 275	bnrknrqb/pppppppp/8/8/8/8/PPPPPPPP/BNRKNRQB w KQkq - 0 1
Fischer Random 276	nbbrknrq/pppppppp/8/8/8/8/PPPPPPPP/NBBRKNRQ w KQkq - 0 1
Fischer Random 277	nrbbknrq/pppppppp/8/8/8/8/PPPPPPPP/NRBBKNRQ w KQkq - 0 1
Fischer Random 278	nrbknbrq/pppppppp/8/8/8/8/PPPPPPPP/NRBKNBRQ w KQkq - 0 1
Fischer Random 279	nrbknrqb/pppppppp/8/8/8/8/PPPPPPPP/NRBKNRQB w KQkq - 0 1
Fischer Random 280	nbrkbnrq/pppppppp/8/8/8/8/PPPPPPPP/NBRKBNRQ w KQkq - 0 1
Fischer Random 281	nrkbbnrq/pppppppp/8/8/8/8/PPPPPPPP/NRKBBNRQ w KQkq - 0 1
Fischer Random 282	nrknbbrq/pppppppp/8/8/8/8/PPPPPPPP/NRKNBBRQ w KQkq - 0 1
Fischer Random 283	nrknbrqb/pppppppp/8/8/8/8/PPPPPPPP/NRKNBRQB w KQkq - 0 1
Fischer Random 284	nbrknrbq/pppppppp/8/8/8/8/PPPPPPPP/NBRKNRBQ w KQkq - 0 1
Fischer Random 285	nrkbnrbq/pppppppp/8/8/8/8/PPPPPPPP/NRKBNRBQ w KQkq - 0 1
Fischer Random 286	nrknrbbq/pppppppp/8/8/8/8/PPPPPPPP/NRKNRBBQ w KQkq - 0 1
Fischer Random 287	nrknrqbb/pppppppp/8/8/8/8/PPPPPPPP/NRKNRQBB w KQkq - 0 1
Fischer Random 288	bbqnrkrn/pppppppp/8/8/8/8/PPPPPPPP/BBQNRKRN w KQkq - 0 1
Fischer Random 289	bqnbrkrn/pppppppp/8/8/8/8/PPPPPPPP/BQNBRKRN w KQkq - 0 1
Fischer Random 290	bqnrkbrn/pppppppp/8/8/8/8/PPPPPPPP/BQNRKBRN w KQkq - 0 1
Fischer Random 291	bqnrkrnb/pppppppp/8/8/8/8/PPPPPPPP/BQNRKRNB w KQkq - 0 1
Fischer Random 292	qbbnrkrn/pppppppp/8/8/8/8/PPPPPPPP/QBBNRKRN w KQkq - 0 1
Fischer Random 293	qnbbrkrn/pppppppp/8/8/8/8/PPPPPPPP/QNBBRKRN w KQkq - 0 1
Fischer Random 294	qnbrkbrn/pppppppp/8/8/8/8/PPPPPPPP/QNBRKBRN w KQkq - 0 1
Fischer Random 295	qnbrkrnb/pppppppp/8/8/8/8/PPPPPPPP/QNBRKRNB w KQkq - 0 1
Fischer Random 296	qbnrbkrn/pppppppp/8/8/8/8/PPPPPPPP/QBNRBKRN w KQkq - 0 1
Fischer Random 297	qnrbbkrn/pppppppp/8/8/8/8/PPPPPPPP/QNRBBKRN w KQkq - 0 1
Fischer Random 298	qnrkbbrn/pppppppp/8/8/8/8/PPPPPPPP/QNRKBBRN w KQkq - 0 1
Fischer Random 299	qnrkbrnb/pppppppp/8/8/8/8/PPPPPPPP/QNRKBRNB w KQkq - 0 1
Fischer Random 300	qbnrkrbn/pppppppp/8/8/8/8/PPPPPPPP/QBNRKRBN w KQkq - 0 1
Fischer Random 301	qnrbkrbn/pppppppp/8/8/8/8/PPPPPPPP/QNRBKRBN w KQkq - 0 1
Fischer Random 302	qnrkrbbn/pppppppp/8/8/8/8/PPPPPPPP/QNRKRBBN w KQkq - 0 1
Fischer Random 303	qnrkrnbb/pppppppp/8/8/8/8/PPPPPPPP/QNRKRNBB w KQkq - 0 1
Fischer Random 304	bbnqrkrn/pppppppp/8/8/8/8/PPPPPPPP/BBNQRKRN w KQkq - 0 1
Fischer Random 305	bnqbrkrn/pppppppp/8/8/8/8/PPPPPPPP/BNQBRKRN w KQkq - 0 1
Fischer Random 306	bnqrkbrn/pppppppp/8/8/8/8/PPPPPPPP/BNQRKBRN w KQkq - 0 1
Fischer Random 307	bnqrkrnb/pppppppp/8/8/8/8/PPPPPPPP/BNQRKRNB w KQkq - 0 1
Fischer Random 308	nbbqrkrn/pppppppp/8/8/8/8/PPPPPPPP/NBBQRKRN w KQkq - 0 1
Fischer Random 309	nqbbrkrn/pppppppp/8/8/8/8/PPPPPPPP/NQBBRKRN w KQkq - 0 1
Fischer Random 310	nqbrkbrn/pppppppp/8/8/8/8/PPPPPPPP/NQBRKBRN w KQkq - 0 1
Fischer Random 311	nqbrkrnb/pppppppp/8/8/8/8/PPPPPPPP/NQBRKRNB w KQkq - 0 1
Fischer Random 312	nbqrbkrn/pppppppp/8/8/8/8/PPPPPPPP/NBQRBKRN w KQkq - 0 1
Fischer Random 313	nqrbbkrn/pppppppp/8/8/8/8/PPPPPPPP/NQRBBKRN w KQkq - 0 1
Fischer Random 314	nqrkbbrn/pppppppp/8/8/8/8/PPPPPPPP/NQRKBBRN w KQkq - 0 1
Fischer Random 315	nqrkbrnb/pppppppp/8/8/8/8/PPPPPPPP/NQRKBRNB w KQkq - 0 1
Fischer Random 316	nbqrkrbn/pppppppp/8/8/8/8/PPPPPPPP/NBQRKRBN w KQkq - 0 1
Fischer Random 317	nqrbkrbn/pppppppp/8/8/8/8/PPPPPPPP/NQRBKRBN w KQkq - 0 1
Fischer Random 318	nqrkrbbn/pppppppp/8/8/8/8/PPPPPPPP/NQRKRBBN w KQkq - 0 1
Fischer Random 319	nqrkrnbb/pppppppp/8/8/8/8/PPPPPPPP/NQRKRNBB w KQkq - 0 1
Fischer Random 320	bbnrqkrn/pppppppp/8/8/8/8/PPPPPPPP/BBNRQKRN w KQkq - 0 1
Fischer Random 321	bnrbqkrn/pppppppp/8/8/8/8/PPPPPPPP/BNRBQKRN w KQkq - 0 1
Fischer Random 322	bnrqkbrn/pppppppp/8/8/8/8/PPPPPPPP/BNRQKBRN w KQkq - 0 1
Fischer Random 323	bnrqkrnb/pppppppp/8/8/8/8/PPPPPPPP/BNRQKRNB w KQkq - 0 1
Fischer Random 324	nbbrqkrn/pppppppp/8/8/8/8/PPPPPPPP/NBBRQKRN w KQkq - 0 1
Fischer Random 325	nrbbqkrn/pppppppp/8/8/8/8/PPPPPPPP/NRBBQKRN w KQkq - 0 1
Fischer Random 326	nrbqkbrn/pppppppp/8/8/8/8/PPPPPPPP/NRBQKBRN w KQkq - 0 1
Fischer Random 327	nrbqkrnb/pppppppp/8/8/8/8/PPPPPPPP/NRBQKRNB w KQkq - 0 1
Fischer Random 328	nbrqbkrn/pppppppp/8/8/8/8/PPPPPPPP/NBRQBKRN w KQkq - 0 1
Fischer Random 329	nrqbbkrn/pppppppp/8/8/8/8/PPPPPPPP/NRQBBKRN w KQkq - 0 1
Fischer Random 330	nrqkbbrn/pppppppp/8/8/8/8/PPPPPPPP/NRQKBBRN w KQkq - 0 1
Fischer Random 331	nrqkbrnb/pppppppp/8/8/8/8/PPPPPPPP/NRQKBRNB w KQkq - 0 1
Fischer Random 332	nbrqkrbn/pppppppp/8/8/8/8/PPPPPPPP/NBRQKRBN w KQkq - 0 1
Fischer Random 333	nrqbkrbn/pppppppp/8/8/8/8/PPPPPPPP/NRQBKRBN w KQkq - 0 1
Fischer Random 334	nrqkrbbn/pppppppp/8/8/8/8/PPPPPPPP/NRQKRBBN w KQkq - 0 1
Fischer Random 335	nrqkrnbb/pppppppp/8/8/8/8/PPPPPPPP/NRQKRNBB w KQkq - 0 1
Fischer Random 336	bbnrkqrn/pppppppp/8/8/8/8/PPPPPPPP/BBNRKQRN w KQkq - 0 1
Fischer Random 337	bnrbkqrn/pppppppp/8/8/8/8/PPPPPPPP/BNRBKQRN w KQkq - 0 1
Fischer Random 338	bnrkqbrn/pppppppp/8/8/8/8/PPPPPPPP/BNRKQBRN w KQkq - 0 1
Fischer Random 339	bnrkqrnb/pppppppp/8/8/8/8/PPPPPPPP/BNRKQRNB w KQkq - 0 1
Fischer Random 340	nbbrkqrn/pppppppp/8/8/8/8/PPPPPPPP/NBBRKQRN w KQkq - 0 1
Fischer Random 341	nrbbkqrn/pppppppp/8/8/8/8/PPPPPPPP/NRBBKQRN w KQkq - 0 1
Fischer Random 342	nrbkqbrn/pppppppp/8/8/8/8/PPPPPPPP/NRBKQBRN w KQkq - 0 1
Fischer Random 343	nrbkqrnb/pppppppp/8/8/8/8/PPPPPPPP/NRBKQRNB w KQkq - 0 1
Fischer Random 344	nbrkbqrn/pppppppp/8/8/8/8/PPPPPPPP/NBRKBQRN w KQkq - 0 1
Fischer Random 345	nrkbbqrn/pppppppp/8/8/8/8/PPPPPPPP/NRKBBQRN w KQkq - 0 1
Fischer Random 346	nrkqbbrn/pppppppp/8/8/8/8/PPPPPPPP/NRKQBBRN w KQkq - 0 1
Fischer Random 347	nrkqbrnb/pppppppp/8/8/8/8/PPPPPPPP/NRKQBRNB w KQkq - 0 1
Fischer Random 348	nbrkqrbn/pppppppp/8/8/8/8/PPPPPPPP/NBRKQRBN w KQkq - 0 1
Fischer Random 349	nrkbqrbn/pppppppp/8/8/8/8/PPPPPPPP/NRKBQRBN w KQkq - 0 1
Fischer Random 350	nrkqrbbn/pppppppp/8/8/8/8/PPPPPPPP/NRKQRBBN w KQkq - 0 1
Fischer Random 351	nrkqrnbb/pppppppp/8/8/8/8/PPPPPPPP/NRKQRNBB w KQkq - 0 1
Fischer Random 352	bbnrkrqn/pppppppp/8/8/8/8/PPPPPPPP/BBNRKRQN w KQkq - 0 1
Fischer Random 353	bnrbkrqn/pppppppp/8/8/8/8/PPPPPPPP/BNRBKRQN w KQkq - 0 1
Fischer Random 354	bnrkrbqn/pppppppp/8/8/8/8/PPPPPPPP/BNRKRBQN w KQkq - 0 1
Fischer Random 355	bnrkrqnb/pppppppp/8/8/8/8/PPPPPPPP/BNRKRQNB w KQkq - 0 1
Fischer Random 356	nbbrkrqn/pppppppp/8/8/8/8/PPPPPPPP/NBBRKRQN w KQkq - 0 1
Fischer Random 357	nrbbkrqn/pppppppp/8/8/8/8/PPPPPPPP/NRBBKRQN w KQkq - 0 1
Fischer Random 358	nrbkrbqn/pppppppp/8/8/8/8/PPPPPPPP/NRBKRBQN w KQkq - 0 1
Fischer Random 359	nrbkrqnb/pppppppp/8/8/8/8/PPPPPPPP/NRBKRQNB w KQkq - 0 1
Fischer Random 360	nbrkbrqn/pppppppp/8/8/8/8/PPPPPPPP/NBRKBRQN w KQkq - 0 1
Fischer Random 361	nrkbbrqn/pppppppp/8/8/8/8/PPPPPPPP/NRKBBRQN w KQkq - 0 1
Fischer Random 362	nrkrbbqn/pppppppp/8/8/8/8/PPPPPPPP/NRKRBBQN w KQkq - 0 1
Fischer Random 363	nrkrbqnb/pppppppp/8/8/8/8/PPPPPPPP/NRKRBQNB w KQkq - 0 1
Fischer Random 364	nbrkrqbn/pppppppp/8/8/8/8/PPPPPPPP/NBRKRQBN w KQkq - 0 1
Fischer Random 365	nrkbrqbn/pppppppp/8/8/8/8/PPPPPPPP/NRKBRQBN w KQkq - 0 1
Fischer Random 366	nrkrqbbn/pppppppp/8/8/8/8/PPPPPPPP/NRKRQBBN w KQkq - 0 1
Fischer Random 367	nrkrqnbb/pppppppp/8/8/8/8/PPPPPPPP/NRKRQNBB w KQkq - 0 1
Fischer Random 368	bbnrkrnq/pppppppp/8/8/8/8/PPPPPPPP/BBNRKRNQ w KQkq - 0 1
Fischer Random 369	bnrbkrnq/pppppppp/8/8/8/8/PPPPPPPP/BNRBKRNQ w KQkq - 0 1
Fischer Random 370	bnrkrbnq/pppppppp/8/8/8/8/PPPPPPPP/BNRKRBNQ w KQkq - 0 1
Fischer Random 371	bnrkrnqb/pppppppp/8/8/8/8/PPPPPPPP/BNRKRNQB w KQkq - 0 1
Fischer Random 372	nbbrkrnq/pppppppp/8/8/8/8/PPPPPPPP/NBBRKRNQ w KQkq - 0 1
Fischer Random 373	nrbbkrnq/pppppppp/8/8/8/8/PPPPPPPP/NRBBKRNQ w KQkq - 0 1
Fischer Random 374	nrbkrbnq/pppppppp/8/8/8/8/PPPPPPPP/NRBKRBNQ w KQkq - 0 1
Fischer Random 375	nrbkrnqb/pppppppp/8/8/8/8/PPPPPPPP/NRBKRNQB w KQkq - 0 1
Fischer Random 376	nbrkbrnq/pppppppp/8/8/8/8/PPPPPPPP/NBRKBRNQ w KQkq - 0 1
Fischer Random 377	nrkbbrnq/pppppppp/8/8/8/8/PPPPPPPP/NRKBBRNQ w KQkq - 0 1
Fischer Random 378	nrkrbbnq/pppppppp/8/8/8/8/PPPPPPPP/NRKRBBNQ w KQkq - 0 1
Fischer Random 379	nrkrbnqb/pppppppp/8/8/8/8/PPPPPPPP/NRKRBNQB w KQkq - 0 1
Fischer Random 380	nbrkrnbq/pppppppp/8/8/8/8/PPPPPPPP/NBRKRNBQ w KQkq - 0 1
Fischer Random 381	nrkbrnbq/pppppppp/8/8/8/8/PPPPPPPP/NRKBRNBQ w KQkq - 0 1
Fischer Random 382	nrkrnbbq/pppppppp/8/8/8/8/PPPPPPPP/NRKRNBBQ w KQkq - 0 1
Fischer Random 383	nrkrnqbb/pppppppp/8/8/8/8/PPPPPPPP/NRKRNQBB w KQkq - 0 1
Fischer Random 384	bbqrnnkr/pppppppp/8/8/8/8/PPPPPPPP/BBQRNNKR w KQkq - 0 1
Fischer Random 385	bqrbnnkr/pppppppp/8/8/8/8/PPPPPPPP/BQRBNNKR w KQkq - 0 1
Fischer Random 386	bqrnnbkr/pppppppp/8/8/8/8/PPPPPPPP/BQRNNBKR w KQkq - 0 1
Fischer Random 387	bqrnnkrb/pppppppp/8/8/8/8/PPPPPPPP/BQRNNKRB w KQkq - 0 1
Fischer Random 388	qbbrnnkr/pppppppp/8/8/8/8/PPPPPPPP/QBBRNNKR w KQkq - 0 1
Fischer Random 389	qrbbnnkr/pppppppp/8/8/8/8/PPPPPPPP/QRBBNNKR w KQkq - 0 1
Fischer Random 390	qrbnnbkr/pppppppp/8/8/8/8/PPPPPPPP/QRBNNBKR w KQkq - 0 1
Fischer Random 391	qrbnnkrb/pppppppp/8/8/8/8/PPPPPPPP/QRBNNKRB w KQkq - 0 1
Fischer Random 392	qbrnbnkr/pppppppp/8/8/8/8/PPPPPPPP/QBRNBNKR w KQkq - 0 1
Fischer Random 393	qrnbbnkr/pppppppp/8/8/8/8/PPPPPPPP/QRNBBNKR w KQkq - 0 1
Fischer Random 394	qrnnbbkr/pppppppp/8/8/8/8/PPPPPPPP/QRNNBBKR w KQkq - 0 1
Fischer Random 395	qrnnbkrb/pppppppp/8/8/8/8/PPPPPPPP/QRNNBKRB w KQkq - 0 1
Fischer Random 396	qbrnnkbr/pppppppp/8/8/8/8/PPPPPPPP/QBRNNKBR w KQkq - 0 1
Fischer Random 397	qrnbnkbr/pppppppp/8/8/8/8/PPPPPPPP/QRNBNKBR w KQkq - 0 1
Fischer Random 398	qrnnkbbr/pppppppp/8/8/8/8/PPPPPPPP/QRNNKBBR w KQkq - 0 1
Fischer Random 399	qrnnkrbb/pppppppp/8/8/8/8/PPPPPPPP/QRNNKRBB w KQkq - 0 1
Fischer Random 400	bbrqnnkr/pppppppp/8/8/8/8/PPPPPPPP/BBRQNNKR w KQkq - 0 1
Fischer Random 401	brqbnnkr/pppppppp/8/8/8/8/PPPPPPPP/BRQBNNKR w KQkq - 0 1
Fischer Random 402	brqnnbkr/pppppppp/8/8/8/8/PPPPPPPP/BRQNNBKR w KQkq - 0 1
Fischer Random 403	brqnnkrb/pppppppp/8/8/8/8/PPPPPPPP/BRQNNKRB w KQkq - 0 1
Fischer Random 404	rbbqnnkr/pppppppp/8/8/8/8/PPPPPPPP/RBBQNNKR w KQkq - 0 1
Fischer Random 405	rqbbnnkr/pppppppp/8/8/8/8/PPPPPPPP/RQBBNNKR w KQkq - 0 1
Fischer Random 406	rqbnnbkr/pppppppp/8/8/8/8/PPPPPPPP/RQBNNBKR w KQkq - 0 1
Fischer Random 407	rqbnnkrb/pppppppp/8/8/8/8/PPPPPPPP/RQBNNKRB w KQkq - 0 1
Fischer Random 408	rbqnbnkr/pppppppp/8/8/8/8/PPPPPPPP/RBQNBNKR w KQkq - 0 1
Fischer Random 409	rqnbbnkr/pppppppp/8/8/8/8/PPPPPPPP/RQNBBNKR w KQkq - 0 1
Fischer Random 410	rqnnbbkr/pppppppp/8/8/8/8/PPPPPPPP/RQNNBBKR w KQkq - 0 1
Fischer Random 411	rqnnbkrb/pppppppp/8/8/8/8/PPPPPPPP/RQNNBKRB w KQkq - 0 1
Fischer Random 412	rbqnnkbr/pppppppp/8/8/8/8/PPPPPPPP/RBQNNKBR w KQkq - 0 1
Fischer Random 413	rqnbnkbr/pppppppp/8/8/8/8/PPPPPPPP/RQNBNKBR w KQkq - 0 1
Fischer Random 414	rqnnkbbr/pppppppp/8/8/8/8/PPPPPPPP/RQNNKBBR w KQkq - 0 1
Fischer Random 415	rqnnkrbb/pppppppp/8/8/8/8/PPPPPPPP/RQNNKRBB w KQkq - 0 1
Fischer Random 416	bbrnqnkr/pppppppp/8/8/8/8/PPPPPPPP/BBRNQNKR w KQkq - 0 1
Fischer Random 417	brnbqnkr/pppppppp/8/8/8/8/PPPPPPPP/BRNBQNKR w KQkq - 0 1
Fischer Random 418	brnqnbkr/pppppppp/8/8/8/8/PPPPPPPP/BRNQNBKR w KQkq - 0 1
Fischer Random 419	brnqnkrb/pppppppp/8/8/8/8/PPPPPPPP/BRNQNKRB w KQkq - 0 1
Fischer Random 420	rbbnqnkr/pppppppp/8/8/8/8/PPPPPPPP/RBBNQNKR w KQkq - 0 1
Fischer Random 421	rnbbqnkr/pppppppp/8/8/8/8/PPPPPPPP/RNBBQNKR w KQkq - 0 1
Fischer Random 422	rnbqnbkr/pppppppp/8/8/8/8/PPPPPPPP/RNBQNBKR w KQkq - 0 1
Fischer Random 423	rnbqnkrb/pppppppp/8/8/8/8/PPPPPPPP/RNBQNKRB w KQkq - 0 1
Fischer Random 424	rbnqbnkr/pppppppp/8/8/8/8/PPPPPPPP/RBNQBNKR w KQkq - 0 1
Fischer Random 425	rnqbbnkr/pppppppp/8/8/8/8/PPPPPPPP/RNQBBNKR w KQkq - 0 1
Fischer Random 426	rnqnbbkr/pppppppp/8/8/8/8/PPPPPPPP/RNQNBBKR w KQkq - 0 1
Fischer Random 427	rnqnbkrb/pppppppp/8/8/8/8/PPPPPPPP/RNQNBKRB w KQkq - 0 1
Fischer Random 428	rbnqnkbr/pppppppp/8/8/8/8/PPPPPPPP/RBNQNKBR w KQkq - 0 1
Fischer Random 429	rnqbnkbr/pppppppp/8/8/8/8/PPPPPPPP/RNQBNKBR w KQkq - 0 1
Fischer Random 430	rnqnkbbr/pppppppp/8/8/8/8/PPPPPPPP/RNQNKBBR w KQkq - 0 1
Fischer Random 431	rnqnkrbb/pppppppp/8/8/8/8/PPPPPPPP/RNQNKRBB w KQkq - 0 1
Fischer Random 432	bbrnnqkr/pppppppp/8/8/8/8/PPPPPPPP/BBRNNQKR w KQkq - 0 1
Fischer Random 433	brnbnqkr/pppppppp/8/8/8/8/PPPPPPPP/BRNBNQKR w KQkq - 0 1
Fischer Random 434	brnnqbkr/pppppppp/8/8/8/8/PPPPPPPP/BRNNQBKR w KQkq - 0 1
Fischer Random 435	brnnqkrb/pppppppp/8/8/8/8/PPPPPPPP/BRNNQKRB w KQkq - 0 1
Fischer Random 436	rbbnnqkr/pppppppp/8/8/8/8/PPPPPPPP/RBBNNQKR w KQkq - 0 1
Fischer Random 437	rnbbnqkr/pppppppp/8/8/8/8/PPPPPPPP/RNBBNQKR w KQkq - 0 1
Fischer Random 438	rnbnqbkr/pppppppp/8/8/8/8/PPPPPPPP/RNBNQBKR w KQkq - 0 1
Fischer Random 439	rnbnqkrb/pppppppp/8/8/8/8/PPPPPPPP/RNBNQKRB w KQkq - 0 1
Fischer Random 440	rbnnbqkr/pppppppp/8/8/8/8/PPPPPPPP/RBNNBQKR w KQkq - 0 1
Fischer Random 441	rnnbbqkr/pppppppp/8/8/8/8/PPPPPPPP/RNNBBQKR w KQkq - 0 1
Fischer Random 442	rnnqbbkr/pppppppp/8/8/8/8/PPPPPPPP/RNNQBBKR w KQkq - 0 1
Fischer Random 443	rnnqbkrb/pppppppp/8/8/8/8/PPPPPPPP/RNNQBKRB w KQkq - 0 1
Fischer Random 444	rbnnqkbr/pppppppp/8/8/8/8/PPPPPPPP/RBNNQKBR w KQkq - 0 1
Fischer Random 445	rnnbqkbr/pppppppp/8/8/8/8/PPPPPPPP/RNNBQKBR w KQkq - 0 1
Fischer Random 446	rnnqkbbr/pppppppp/8/8/8/8/PPPPPPPP/RNNQKBBR w KQkq - 0 1
Fischer Random 447	rnnqkrbb/pppppppp/8/8/8/8/PPPPPPPP/RNNQKRBB w KQkq - 0 1
Fischer Random 448	bbrnnkqr/pppppppp/8/8/8/8/PPPPPPPP/BBRNNKQR w KQkq - 0 1
Fischer Random 449	brnbnkqr/pppppppp/8/8/8/8/PPPPPPPP/BRNBNKQR w KQkq - 0 1
Fischer Random 450	brnnkbqr/pppppppp/8/8/8/8/PPPPPPPP/BRNNKBQR w KQkq - 0 1
Fischer Random 451	brnnkqrb/pppppppp/8/8/8/8/PPPPPPPP/BRNNKQRB w KQkq - 0 1
Fischer Random 452	rbbnnkqr/pppppppp/8/8/8/8/PPPPPPPP/RBBNNKQR w KQkq - 0 1
Fischer Random 453	rnbbnkqr/pppppppp/8/8/8/8/PPPPPPPP/RNBBNKQR w KQkq - 0 1
Fischer Random 454	rnbnkbqr/pppppppp/8/8/8/8/PPPPPPPP/RNBNKBQR w KQkq - 0 1
Fischer Random 455	rnbnkqrb/pppppppp/8/8/8/8/PPPPPPPP/RNBNKQRB w KQkq - 0 1
Fischer Random 456	rbnnbkqr/pppppppp/8/8/8/8/PPPPPPPP/RBNNBKQR w KQkq - 0 1
Fischer Random 457	rnnbbkqr/pppppppp/8/8/8/8/PPPPPPPP/RNNBBKQR w KQkq - 0 1
Fischer Random 458	rnnkbbqr/pppppppp/8/8/8/8/PPPPPPPP/RNNKBBQR w KQkq - 0 1
Fischer Random 459	rnnkbqrb/pppppppp/8/8/8/8/PPPPPPPP/RNNKBQRB w KQkq - 0 1
Fischer Random 460	rbnnkqbr/pppppppp/8/8/8/8/PPPPPPPP/RBNNKQBR w KQkq - 0 1
Fischer Random 461	rnnbkqbr/pppppppp/8/8/8/8/PPPPPPPP/RNNBKQBR w KQkq - 0 1
Fischer Random 462	rnnkqbbr/pppppppp/8/8/8/8/PPPPPPPP/RNNKQBBR w KQkq - 0 1
Fischer Random 463	rnnkqrbb/pppppppp/8/8/8/8/PPPPPPPP/RNNKQRBB w KQkq - 0 1
Fischer Random 464	bbrnnkrq/pppppppp/8/8/8/8/PPPPPPPP/BBRNNKRQ w KQkq - 0 1
Fischer Random 465	brnbnkrq/pppppppp/8/8/8/8/PPPPPPPP/BRNBNKRQ w KQkq - 0 1
Fischer Random 466	brnnkbrq/pppppppp/8/8/8/8/PPPPPPPP/BRNNKBRQ w KQkq - 0 1
Fischer Random 467	brnnkrqb/pppppppp/8/8/8/8/PPPPPPPP/BRNNKRQB w KQkq - 0 1
Fischer Random 468	rbbnnkrq/pppppppp/8/8/8/8/PPPPPPPP/RBBNNKRQ w KQkq - 0 1
Fischer Random 469	rnbbnkrq/pppppppp/8/8/8/8/PPPPPPPP/RNBBNKRQ w KQkq - 0 1
Fischer Random 470	rnbnkbrq/pppppppp/8/8/8/8/PPPPPPPP/RNBNKBRQ w KQkq - 0 1
Fischer Random 471	rnbnkrqb/pppppppp/8/8/8/8/PPPPPPPP/RNBNKRQB w KQkq - 0 1
Fischer Random 472	rbnnbkrq/pppppppp/8/8/8/8/PPPPPPPP/RBNNBKRQ w KQkq - 0 1
Fischer Random 473	rnnbbkrq/pppppppp/8/8/8/8/PPPPPPPP/RNNBBKRQ w KQkq - 0 1
Fischer Random 474	rnnkbbrq/pppppppp/8/8/8/8/PPPPPPPP/RNNKBBRQ w KQkq - 0 1
Fischer Random 475	rnnkbrqb/pppppppp/8/8/8/8/PPPPPPPP/RNNKBRQB w KQkq - 0 1
Fischer Random 476	rbnnkrbq/pppppppp/8/8/8/8/PPPPPPPP/RBNNKRBQ w KQkq - 0 1
Fischer Random 477	rnnbkrbq/pppppppp/8/8/8/8/PPPPPPPP/RNNBKRBQ w KQkq - 0 1
Fischer Random 478	rnnkrbbq/pppppppp/8/8/8/8/PPPPPPPP/RNNKRBBQ w KQkq - 0 1
Fischer Random 479	rnnkrqbb/pppppppp/8/8/8/8/PPPPPPPP/RNNKRQBB w KQkq - 0 1
Fischer Random 480	bbqrnknr/pppppppp/8/8/8/8/PPPPPPPP/BBQRNKNR w KQkq - 0 1
Fischer Random 481	bqrbnknr/pppppppp/8/8/8/8/PPPPPPPP/BQRBNKNR w KQkq - 0 1
Fischer Random 482	bqrnkbnr/pppppppp/8/8/8/8/PPPPPPPP/BQRNKBNR w KQkq - 0 1
Fischer Random 483	bqrnknrb/pppppppp/8/8/8/8/PPPPPPPP/BQRNKNRB w KQkq - 0 1
Fischer Random 484	qbbrnknr/pppppppp/8/8/8/8/PPPPPPPP/QBBRNKNR w KQkq - 0 1
Fischer Random 485	qrbbnknr/pppppppp/8/8/8/8/PPPPPPPP/QRBBNKNR w KQkq - 0 1
Fischer Random 486	qrbnkbnr/pppppppp/8/8/8/8/PPPPPPPP/QRBNKBNR w KQkq - 0 1
Fischer Random 487	qrbnknrb/pppppppp/8/8/8/8/PPPPPPPP/QRBNKNRB w KQkq - 0 1
Fischer Random 488	qbrnbknr/pppppppp/8/8/8/8/PPPPPPPP/QBRNBKNR w KQkq - 0 1
Fischer Random 489	qrnbbknr/pppppppp/8/8/8/8/PPPPPPPP/QRNBBKNR w KQkq - 0 1
Fischer Random 490	qrnkbbnr/pppppppp/8/8/8/8/PPPPPPPP/QRNKBBNR w KQkq - 0 1
Fischer Random 491	qrnkbnrb/pppppppp/8/8/8/8/PPPPPPPP/QRNKBNRB w KQkq - 0 1
Fischer Random 492	qbrnknbr/pppppppp/8/8/8/8/PPPPPPPP/QBRNKNBR w KQkq - 0 1
Fischer Random 493	qrnbknbr/pppppppp/8/8/8/8/PPPPPPPP/QRNBKNBR w KQkq - 0 1
Fischer Random 494	qrnknbbr/pppppppp/8/8/8/8/PPPPPPPP/QRNKNBBR w KQkq - 0 1
Fischer Random 495	qrnknrbb/pppppppp/8/8/8/8/PPPPPPPP/QRNKNRBB w KQkq - 0 1
Fischer Random 496	bbrqnknr/pppppppp/8/8/8/8/PPPPPPPP/BBRQNKNR w KQkq - 0 1
Fischer Random 497	brqbnknr/pppppppp/8/8/8/8/PPPPPPPP/BRQBNKNR w KQkq - 0 1
Fischer Random 498	brqnkbnr/pppppppp/8/8/8/8/PPPPPPPP/BRQNKBNR w KQkq - 0 1
Fischer Random 499	brqnknrb/pppppppp/8/8/8/8/PPPPPPPP/BRQNKNRB w KQkq - 0 1
Fischer Random 500	rbbqnknr/pppppppp/8/8/8/8/PPPPPPPP/RBBQNKNR w KQkq - 0 1
Fischer Random 501	rqbbnknr/pppppppp/8/8/8/8/PPPPPPPP/RQBBNKNR w KQkq - 0 1
Fischer Random 502	rqbnkbnr/pppppppp/8/8/8/8/PPPPPPPP/RQBNKBNR w KQkq - 0 1
Fischer Random 503	rqbnknrb/pppppppp/8/8/8/8/PPPPPPPP/RQBNKNRB w KQkq - 0 1
Fischer Random 504	rbqnbknr/pppppppp/8/8/8/8/PPPPPPPP/RBQNBKNR w KQkq - 0 1
Fischer Random 505	rqnbbknr/pppppppp/8/8/8/8/PPPPPPPP/RQNBBKNR w KQkq - 0 1
Fischer Random 506	rqnkbbnr/pppppppp/8/8/8/8/PPPPPPPP/RQNKBBNR w KQkq - 0 1
Fischer Random 507	rqnkbnrb/pppppppp/8/8/8/8/PPPPPPPP/RQNKBNRB w KQkq - 0 1
Fischer Random 508	rbqnknbr/pppppppp/8/8/8/8/PPPPPPPP/RBQNKNBR w KQkq - 0 1
Fischer Random 509	rqnbknbr/pppppppp/8/8/8/8/PPPPPPPP/RQNBKNBR w KQkq - 0 1
Fischer Random 510	rqnknbbr/pppppppp/8/8/8/8/PPPPPPPP/RQNKNBBR w KQkq - 0 1
Fischer Random 511	rqnknrbb/pppppppp/8/8/8/8/PPPPPPPP/RQNKNRBB w KQkq - 0 1
Fischer Random 512	bbrnqknr/pppppppp/8/8/8/8/PPPPPPPP/BBRNQKNR w KQkq - 0 1
Fischer Random 513	brnbqknr/pppppppp/8/8/8/8/PPPPPPPP/BRNBQKNR w KQkq - 0 1
Fischer Random 514	brnqkbnr/pppppppp/8/8/8/8/PPPPPPPP/BRNQKBNR w KQkq - 0 1
Fischer Random 515	brnqknrb/pppppppp/8/8/8/8/PPPPPPPP/BRNQKNRB w KQkq - 0 1
Fischer Random 516	rbbnqknr/pppppppp/8/8/8/8/PPPPPPPP/RBBNQKNR w KQkq - 0 1
Fischer Random 517	rnbbqknr/pppppppp/8/8/8/8/PPPPPPPP/RNBBQKNR w KQkq - 0 1
Fischer Random 518	rnbqkbnr/pppppppp/8/8/8/8/PPPPPPPP/RNBQKBNR w KQkq - 0 1
Fischer Random 519	rnbqknrb/pppppppp/8/8/8/8/PPPPPPPP/RNBQKNRB w KQkq - 0 1
Fischer Random 520	rbnqbknr/pppppppp/8/8/8/8/PPPPPPPP/RBNQBKNR w KQkq - 0 1
Fischer Random 521	rnqbbknr/pppppppp/8/8/8/8/PPPPPPPP/RNQBBKNR w KQkq - 0 1
Fischer Random 522	rnqkbbnr/pppppppp/8/8/8/8/PPPPPPPP/RNQKBBNR w KQkq - 0 1
Fischer Random 523	rnqkbnrb/pppppppp/8/8/8/8/PPPPPPPP/RNQKBNRB w KQkq - 0 1
Fischer Random 524	rbnqknbr/pppppppp/8/8/8/8/PPPPPPPP/RBNQKNBR w KQkq - 0 1
Fischer Random 525	rnqbknbr/pppppppp/8/8/8/8/PPPPPPPP/RNQBKNBR w KQkq - 0 1
Fischer Random 526	rnqknbbr/pppppppp/8/8/8/8/PPPPPPPP/RNQKNBBR w KQkq - 0 1
Fischer Random 527	rnqknrbb/pppppppp/8/8/8/8/PPPPPPPP/RNQKNRBB w KQkq - 0 1
Fischer Random 528	bbrnkqnr/pppppppp/8/8/8/8/PPPPPPPP/BBRNKQNR w KQkq - 0 1
Fischer Random 529	brnbkqnr/pppppppp/8/8/8/8/PPPPPPPP/BRNBKQNR w KQkq - 0 1
Fischer Random 530	brnkqbnr/pppppppp/8/8/8/8/PPPPPPPP/BRNKQBNR w KQkq - 0 1
Fischer Random 531	brnkqnrb/pppppppp/8/8/8/8/PPPPPPPP/BRNKQNRB w KQkq - 0 1
Fischer Random 532	rbbnkqnr/pppppppp/8/8/8/8/PPPPPPPP/RBBNKQNR w KQkq - 0 1
Fischer Random 533	rnbbkqnr/pppppppp/8/8/8/8/PPPPPPPP/RNBBKQNR w KQkq - 0 1
Fischer Random 534	rnbkqbnr/pppppppp/8/8/8/8/PPPPPPPP/RNBKQBNR w KQkq - 0 1
Fischer Random 535	rnbkqnrb/pppppppp/8/8/8/8/PPPPPPPP/RNBKQNRB w KQkq - 0 1
Fischer Random 536	rbnkbqnr/pppppppp/8/8/8/8/PPPPPPPP/RBNKBQNR w KQkq - 0 1
Fischer Random 537	rnkbbqnr/pppppppp/8/8/8/8/PPPPPPPP/RNKBBQNR w KQkq - 0 1
Fischer Random 538	rnkqbbnr/pppppppp/8/8/8/8/PPPPPPPP/RNKQBBNR w KQkq - 0 1
Fischer Random 539	rnkqbnrb/pppppppp/8/8/8/8/PPPPPPPP/RNKQBNRB w KQkq - 0 1
Fischer Random 540	rbnkqnbr/pppppppp/8/8/8/8/PPPPPPPP/RBNKQNBR w KQkq - 0 1
Fischer Random 541	rnkbqnbr/pppppppp/8/8/8/8/PPPPPPPP/RNKBQNBR w KQkq - 0 1
Fischer Random 542	rnkqnbbr/pppppppp/8/8/8/8/PPPPPPPP/RNKQNBBR w KQkq - 0 1
Fischer Random 543	rnkqnrbb/pppppppp/8/8/8/8/PPPPPPPP/RNKQNRBB w KQkq - 0 1
Fischer Random 544	bbrnknqr/pppppppp/8/8/8/8/PPPPPPPP/BBRNKNQR w KQkq - 0 1
Fischer Random 545	brnbknqr/pppppppp/8/8/8/8/PPPPPPPP/BRNBKNQR w KQkq - 0 1
Fischer Random 546	brnknbqr/pppppppp/8/8/8/8/PPPPPPPP/BRNKNBQR w KQkq - 0 1
Fischer Random 547	brnknqrb/pppppppp/8/8/8/8/PPPPPPPP/BRNKNQRB w KQkq - 0 1
Fischer Random 548	rbbnknqr/pppppppp/8/8/8/8/PPPPPPPP/RBBNKNQR w KQkq - 0 1
Fischer Random 549	rnbbknqr/pppppppp/8/8/8/8/PPPPPPPP/RNBBKNQR w KQkq - 0 1
Fischer Random 550	rnbknbqr/pppppppp/8/8/8/8/PPPPPPPP/RNBKNBQR w KQkq - 0 1
Fischer Random 551	rnbknqrb/pppppppp/8/8/8/8/PPPPPPPP/RNBKNQRB w KQkq - 0 1
Fischer Random 552	rbnkbnqr/pppppppp/8/8/8/8/PPPPPPPP/RBNKBNQR w KQkq - 0 1
Fischer Random 553	rnkbbnqr/pppppppp/8/8/8/8/PPPPPPPP/RNKBBNQR w KQkq - 0 1
Fischer Random 554	rnknbbqr/pppppppp/8/8/8/8/PPPPPPPP/RNKNBBQR w KQkq - 0 1
Fischer Random 555	rnknbqrb/pppppppp/8/8/8/8/PPPPPPPP/RNKNBQRB w KQkq - 0 1
Fischer Random 556	rbnknqbr/pppppppp/8/8/8/8/PPPPPPPP/RBNKNQBR w KQkq - 0 1
Fischer Random 557	rnkbnqbr/pppppppp/8/8/8/8/PPPPPPPP/RNKBNQBR w KQkq - 0 1
Fischer Random 558	rnknqbbr/pppppppp/8/8/8/8/PPPPPPPP/RNKNQBBR w KQkq - 0 1
Fischer Random 559	rnknqrbb/pppppppp/8/8/8/8/PPPPPPPP/RNKNQRBB w KQkq - 0 1
Fischer Random 560	bbrnknrq/pppppppp/8/8/8/8/PPPPPPPP/BBRNKNRQ w KQkq - 0 1
Fischer Random 561	brnbknrq/pppppppp/8/8/8/8/PPPPPPPP/BRNBKNRQ w KQkq - 0 1
Fischer Random 562	brnknbrq/pppppppp/8/8/8/8/PPPPPPPP/BRNKNBRQ w KQkq - 0 1
Fischer Random 563	brnknrqb/pppppppp/8/8/8/8/PPPPPPPP/BRNKNRQB w KQkq - 0 1
Fischer Random 564	rbbnknrq/pppppppp/8/8/8/8/PPPPPPPP/RBBNKNRQ w KQkq - 0 1
Fischer Random 565	rnbbknrq/pppppppp/8/8/8/8/PPPPPPPP/RNBBKNRQ w KQkq - 0 1
Fischer Random 566	rnbknbrq/pppppppp/8/8/8/8/PPPPPPPP/RNBKNBRQ w KQkq - 0 1
Fischer Random 567	rnbknrqb/pppppppp/8/8/8/8/PPPPPPPP/RNBKNRQB w KQkq - 0 1
Fischer Random 568	rbnkbnrq/pppppppp/8/8/8/8/PPPPPPPP/RBNKBNRQ w KQkq - 0 1
Fischer Random 569	rnkbbnrq/pppppppp/8/8/8/8/PPPPPPPP/RNKBBNRQ w KQkq - 0 1
Fischer Random 570	rnknbbrq/pppppppp/8/8/8/8/PPPPPPPP/RNKNBBRQ w KQkq - 0 1
Fischer Random 571	rnknbrqb/pppppppp/8/8/8/8/PPPPPPPP/RNKNBRQB w KQkq - 0 1
Fischer Random 572	rbnknrbq/pppppppp/8/8/8/8/PPPPPPPP/RBNKNRBQ w KQkq - 0 1
Fischer Random 573	rnkbnrbq/pppppppp/8/8/8/8/PPPPPPPP/RNKBNRBQ w KQkq - 0 1
Fischer Random 574	rnknrbbq/pppppppp/8/8/8/8/PPPPPPPP/RNKNRBBQ w KQkq - 0 1
Fischer Random 575	rnknrqbb/pppppppp/8/8/8/8/PPPPPPPP/RNKNRQBB w KQkq - 0 1
Fischer Random 576	bbqrnkrn/pppppppp/8/8/8/8/PPPPPPPP/BBQRNKRN w KQkq - 0 1
Fischer Random 577	bqrbnkrn/pppppppp/8/8/8/8/PPPPPPPP/BQRBNKRN w KQkq - 0 1
Fischer Random 578	bqrnkbrn/pppppppp/8/8/8/8/PPPPPPPP/BQRNKBRN w KQkq - 0 1
Fischer Random 579	bqrnkrnb/pppppppp/8/8/8/8/PPPPPPPP/BQRNKRNB w KQkq - 0 1
Fischer Random 580	qbbrnkrn/pppppppp/8/8/8/8/PPPPPPPP/QBBRNKRN w KQkq - 0 1
Fischer Random 581	qrbbnkrn/pppppppp/8/8/8/8/PPPPPPPP/QRBBNKRN w KQkq - 0 1
Fischer Random 582	qrbnkbrn/pppppppp/8/8/8/8/PPPPPPPP/QRBNKBRN w KQkq - 0 1
Fischer Random 583	qrbnkrnb/pppppppp/8/8/8/8/PPPPPPPP/QRBNKRNB w KQkq - 0 1
Fischer Random 584	qbrnbkrn/pppppppp/8/8/8/8/PPPPPPPP/QBRNBKRN w KQkq - 0 1
Fischer Random 585	qrnbbkrn/pppppppp/8/8/8/8/PPPPPPPP/QRNBBKRN w KQkq - 0 1
Fischer Random 586	qrnkbbrn/pppppppp/8/8/8/8/PPPPPPPP/QRNKBBRN w KQkq - 0 1
Fischer Random 587	qrnkbrnb/pppppppp/8/8/8/8/PPPPPPPP/QRNKBRNB w KQkq - 0 1
Fischer Random 588	qbrnkrbn/pppppppp/8/8/8/8/PPPPPPPP/QBRNKRBN w KQkq - 0 1
Fischer Random 589	qrnbkrbn/pppppppp/8/8/8/8/PPPPPPPP/QRNBKRBN w KQkq - 0 1
Fischer Random 590	qrnkrbbn/pppppppp/8/8/8/8/PPPPPPPP/QRNKRBBN w KQkq - 0 1
Fischer Random 591	qrnkrnbb/pppppppp/8/8/8/8/PPPPPPPP/QRNKRNBB w KQkq - 0 1
Fischer Random 592	bbrqnkrn/pppppppp/8/8/8/8/PPPPPPPP/BBRQNKRN w KQkq - 0 1
Fischer Random 593	brqbnkrn/pppppppp/8/8/8/8/PPPPPPPP/BRQBNKRN w KQkq - 0 1
Fischer Random 594	brqnkbrn/pppppppp/8/8/8/8/PPPPPPPP/BRQNKBRN w KQkq - 0 1
Fischer Random 595	brqnkrnb/pppppppp/8/8/8/8/PPPPPPPP/BRQNKRNB w KQkq - 0 1
Fischer Random 596	rbbqnkrn/pppppppp/8/8/8/8/PPPPPPPP/RBBQNKRN w KQkq - 0 1
Fischer Random 597	rqbbnkrn/pppppppp/8/8/8/8/PPPPPPPP/RQBBNKRN w KQkq - 0 1
Fischer Random 598	rqbnkbrn/pppppppp/8/8/8/8/PPPPPPPP/RQBNKBRN w KQkq - 0 1
Fischer Random 599	rqbnkrnb/pppppppp/8/8/8/8/PPPPPPPP/RQBNKRNB w KQkq - 0 1
Fischer Random 600	rbqnbkrn/pppppppp/8/8/8/8/PPPPPPPP/RBQNBKRN w KQkq - 0 1
Fischer Random 601	rqnbbkrn/pppppppp/8/8/8/8/PPPPPPPP/RQNBBKRN w KQkq - 0 1
Fischer Random 602	rqnkbbrn/pppppppp/8/8/8/8/PPPPPPPP/RQNKBBRN w KQkq - 0 1
Fischer Random 603	rqnkbrnb/pppppppp/8/8/8/8/PPPPPPPP/RQNKBRNB w KQkq - 0 1
Fischer Random 604	rbqnkrbn/pppppppp/8/8/8/8/PPPPPPPP/RBQNKRBN w KQkq - 0 1
Fischer Random 605	rqnbkrbn/pppppppp/8/8/8/8/PPPPPPPP/RQNBKRBN w KQkq - 0 1
Fischer Random 606	rqnkrbbn/pppppppp/8/8/8/8/PPPPPPPP/RQNKRBBN w KQkq - 0 1
Fischer Random 607	rqnkrnbb/pppppppp/8/8/8/8/PPPPPPPP/RQNKRNBB w KQkq - 0 1
Fischer Random 608	bbrnqkrn/pppppppp/8/8/8/8/PPPPPPPP/BBRNQKRN w KQkq - 0 1
Fischer Random 609	brnbqkrn/pppppppp/8/8/8/8/PPPPPPPP/BRNBQKRN w KQkq - 0 1
Fischer Random 610	brnqkbrn/pppppppp/8/8/8/8/PPPPPPPP/BRNQKBRN w KQkq - 0 1
Fischer Random 611	brnqkrnb/pppppppp/8/8/8/8/PPPPPPPP/BRNQKRNB w KQkq - 0 1
Fischer Random 612	rbbnqkrn/pppppppp/8/8/8/8/PPPPPPPP/RBBNQKRN w KQkq - 0 1
Fischer Random 613	rnbbqkrn/pppppppp/8/8/8/8/PPPPPPPP/RNBBQKRN w KQkq - 0 1
Fischer Random 614	rnbqkbrn/pppppppp/8/8/8/8/PPPPPPPP/RNBQKBRN w KQkq - 0 1
Fischer Random 615	rnbqkrnb/pppppppp/8/8/8/8/PPPPPPPP/RNBQKRNB w KQkq - 0 1
Fischer Random 616	rbnqbkrn/pppppppp/8/8/8/8/PPPPPPPP/RBNQBKRN w KQkq - 0 1
Fischer Random 617	rnqbbkrn/pppppppp/8/8/8/8/PPPPPPPP/RNQBBKRN w KQkq - 0 1
Fischer Random 618	rnqkbbrn/pppppppp/8/8/8/8/PPPPPPPP/RNQKBBRN w KQkq - 0 1
Fischer Random 619	rnqkbrnb/pppppppp/8/8/8/8/PPPPPPPP/RNQKBRNB w KQkq - 0 1
Fischer Random 620	rbnqkrbn/pppppppp/8/8/8/8/PPPPPPPP/RBNQKRBN w KQkq - 0 1
Fischer Random 621	rnqbkrbn/pppppppp/8/8/8/8/PPPPPPPP/RNQBKRBN w KQkq - 0 1
Fischer Random 622	rnqkrbbn/pppppppp/8/8/8/8/PPPPPPPP/RNQKRBBN w KQkq - 0 1
Fischer Random 623	rnqkrnbb/pppppppp/8/8/8/8/PPPPPPPP/RNQKRNBB w KQkq - 0 1
Fischer Random 624	bbrnkqrn/pppppppp/8/8/8/8/PPPPPPPP/BBRNKQRN w KQkq - 0 1
Fischer Random 625	brnbkqrn/pppppppp/8/8/8/8/PPPPPPPP/BRNBKQRN w KQkq - 0 1
Fischer Random 626	brnkqbrn/pppppppp/8/8/8/8/PPPPPPPP/BRNKQBRN w KQkq - 0 1
Fischer Random 627	brnkqrnb/pppppppp/8/8/8/8/PPPPPPPP/BRNKQRNB w KQkq - 0 1
Fischer Random 628	rbbnkqrn/pppppppp/8/8/8/8/PPPPPPPP/RBBNKQRN w KQkq - 0 1
Fischer Random 629	rnbbkqrn/pppppppp/8/8/8/8/PPPPPPPP/RNBBKQRN w KQkq - 0 1
Fischer Random 630	rnbkqbrn/pppppppp/8/8/8/8/PPPPPPPP/RNBKQBRN w KQkq - 0 1
Fischer Random 631	rnbkqrnb/pppppppp/8/8/8/8/PPPPPPPP/RNBKQRNB w KQkq - 0 1
Fischer Random 632	rbnkbqrn/pppppppp/8/8/8/8/PPPPPPPP/RBNKBQRN w KQkq - 0 1
Fischer Random 633	rnkbbqrn/pppppppp/8/8/8/8/PPPPPPPP/RNKBBQRN w KQkq - 0 1
Fischer Random 634	rnkqbbrn/pppppppp/8/8/8/8/PPPPPPPP/RNKQBBRN w KQkq - 0 1
Fischer Random 635	rnkqbrnb/pppppppp/8/8/8/8/PPPPPPPP/RNKQBRNB w KQkq - 0 1
Fischer Random 636	rbnkqrbn/pppppppp/8/8/8/8/PPPPPPPP/RBNKQRBN w KQkq - 0 1
Fischer Random 637	rnkbqrbn/pppppppp/8/8/8/8/PPPPPPPP/RNKBQRBN w KQkq - 0 1
Fischer Random 638	rnkqrbbn/pppppppp/8/8/8/8/PPPPPPPP/RNKQRBBN w KQkq - 0 1
Fischer Random 639	rnkqrnbb/pppppppp/8/8/8/8/PPPPPPPP/RNKQRNBB w KQkq - 0 1
Fischer Random 640	bbrnkrqn/pppppppp/8/8/8/8/PPPPPPPP/BBRNKRQN w KQkq - 0 1
Fischer Random 641	brnbkrqn/pppppppp/8/8/8/8/PPPPPPPP/BRNBKRQN w KQkq - 0 1
Fischer Random 642	brnkrbqn/pppppppp/8/8/8/8/PPPPPPPP/BRNKRBQN w KQkq - 0 1
Fischer Random 643	brnkrqnb/pppppppp/8/8/8/8/PPPPPPPP/BRNKRQNB w KQkq - 0 1
Fischer Random 644	rbbnkrqn/pppppppp/8/8/8/8/PPPPPPPP/RBBNKRQN w KQkq - 0 1
Fischer Random 645	rnbbkrqn/pppppppp/8/8/8/8/PPPPPPPP/RNBBKRQN w KQkq - 0 1
Fischer Random 646	rnbkrbqn/pppppppp/8/8/8/8/PPPPPPPP/RNBKRBQN w KQkq - 0 1
Fischer Random 647	rnbkrqnb/pppppppp/8/8/8/8/PPPPPPPP/RNBKRQNB w KQkq - 0 1
Fischer Random 648	rbnkbrqn/pppppppp/8/8/8/8/PPPPPPPP/RBNKBRQN w KQkq - 0 1
Fischer Random 649	rnkbbrqn/pppppppp/8/8/8/8/PPPPPPPP/RNKBBRQN w KQkq - 0 1
Fischer Random 650	rnkrbbqn/pppppppp/8/8/8/8/PPPPPPPP/RNKRBBQN w KQkq - 0 1
Fischer Random 651	rnkrbqnb/pppppppp/8/8/8/8/PPPPPPPP/RNKRBQNB w KQkq - 0 1
Fischer Random 652	rbnkrqbn/pppppppp/8/8/8/8/PPPPPPPP/RBNKRQBN w KQkq - 0 1
Fischer Random 653	rnkbrqbn/pppppppp/8/8/8/8/PPPPPPPP/RNKBRQBN w KQkq - 0 1
Fischer Random 654	rnkrqbbn/pppppppp/8/8/8/8/PPPPPPPP/RNKRQBBN w KQkq - 0 1
Fischer Random 655	rnkrqnbb/pppppppp/8/8/8/8/PPPPPPPP/RNKRQNBB w KQkq - 0 1
Fischer Random 656	bbrnkrnq/pppppppp/8/8/8/8/PPPPPPPP/BBRNKRNQ w KQkq - 0 1
Fischer Random 657	brnbkrnq/pppppppp/8/8/8/8/PPPPPPPP/BRNBKRNQ w KQkq - 0 1
Fischer Random 658	brnkrbnq/pppppppp/8/8/8/8/PPPPPPPP/BRNKRBNQ w KQkq - 0 1
Fischer Random 659	brnkrnqb/pppppppp/8/8/8/8/PPPPPPPP/BRNKRNQB w KQkq - 0 1
Fischer Random 660	rbbnkrnq/pppppppp/8/8/8/8/PPPPPPPP/RBBNKRNQ w KQkq - 0 1
Fischer Random 661	rnbbkrnq/pppppppp/8/8/8/8/PPPPPPPP/RNBBKRNQ w KQkq - 0 1
Fischer Random 662	rnbkrbnq/pppppppp/8/8/8/8/PPPPPPPP/RNBKRBNQ w KQkq - 0 1
Fischer Random 663	rnbkrnqb/pppppppp/8/8/8/8/PPPPPPPP/RNBKRNQB w KQkq - 0 1
Fischer Random 664	rbnkbrnq/pppppppp/8/8/8/8/PPPPPPPP/RBNKBRNQ w KQkq - 0 1
Fischer Random 665	rnkbbrnq/pppppppp/8/8/8/8/PPPPPPPP/RNKBBRNQ w KQkq - 0 1
Fischer Random 666	rnkrbbnq/pppppppp/8/8/8/8/PPPPPPPP/RNKRBBNQ w KQkq - 0 1
Fischer Random 667	rnkrbnqb/pppppppp/8/8/8/8/PPPPPPPP/RNKRBNQB w KQkq - 0 1
Fischer Random 668	rbnkrnbq/pppppppp/8/8/8/8/PPPPPPPP/RBNKRNBQ w KQkq - 0 1
Fischer Random 669	rnkbrnbq/pppppppp/8/8/8/8/PPPPPPPP/RNKBRNBQ w KQkq - 0 1
Fischer Random 670	rnkrnbbq/pppppppp/8/8/8/8/PPPPPPPP/RNKRNBBQ w KQkq - 0 1
Fischer Random 671	rnkrnqbb/pppppppp/8/8/8/8/PPPPPPPP/RNKRNQBB w KQkq - 0 1
Fischer Random 672	bbqrknnr/pppppppp/8/8/8/8/PPPPPPPP/BBQRKNNR w KQkq - 0 1
Fischer Random 673	bqrbknnr/pppppppp/8/8/8/8/PPPPPPPP/BQRBKNNR w KQkq - 0 1
Fischer Random 674	bqrknbnr/pppppppp/8/8/8/8/PPPPPPPP/BQRKNBNR w KQkq - 0 1
Fischer Random 675	bqrknnrb/pppppppp/8/8/8/8/PPPPPPPP/BQRKNNRB w KQkq - 0 1
Fischer Random 676	qbbrknnr/pppppppp/8/8/8/8/PPPPPPPP/QBBRKNNR w KQkq - 0 1
Fischer Random 677	qrbbknnr/pppppppp/8/8/8/8/PPPPPPPP/QRBBKNNR w KQkq - 0 1
Fischer Random 678	qrbknbnr/pppppppp/8/8/8/8/PPPPPPPP/QRBKNBNR w KQkq - 0 1
Fischer Random 679	qrbknnrb/pppppppp/8/8/8/8/PPPPPPPP/QRBKNNRB w KQkq - 0 1
Fischer Random 680	qbrkbnnr/pppppppp/8/8/8/8/PPPPPPPP/QBRKBNNR w KQkq - 0 1
Fischer Random 681	qrkbbnnr/pppppppp/8/8/8/8/PPPPPPPP/QRKBBNNR w KQkq - 0 1
Fischer Random 682	qrknbbnr/pppppppp/8/8/8/8/PPPPPPPP/QRKNBBNR w KQkq - 0 1
Fischer Random 683	qrknbnrb/pppppppp/8/8/8/8/PPPPPPPP/QRKNBNRB w KQkq - 0 1
Fischer Random 684	qbrknnbr/pppppppp/8/8/8/8/PPPPPPPP/QBRKNNBR w KQkq - 0 1
Fischer Random 685	qrkbnnbr/pppppppp/8/8/8/8/PPPPPPPP/QRKBNNBR w KQkq - 0 1
Fischer Random 686	qrknnbbr/pppppppp/8/8/8/8/PPPPPPPP/QRKNNBBR w KQkq - 0 1
Fischer Random 687	qrknnrbb/pppppppp/8/8/8/8/PPPPPPPP/QRKNNRBB w KQkq - 0 1
Fischer Random 688	bbrqknnr/pppppppp/8/8/8/8/PPPPPPPP/BBRQKNNR w KQkq - 0 1
Fischer Random 689	brqbknnr/pppppppp/8/8/8/8/PPPPPPPP/BRQBKNNR w KQkq - 0 1
Fischer Random 690	brqknbnr/pppppppp/8/8/8/8/PPPPPPPP/BRQKNBNR w KQkq - 0 1
Fischer Random 691	brqknnrb/pppppppp/8/8/8/8/PPPPPPPP/BRQKNNRB w KQkq - 0 1
Fischer Random 692	rbbqknnr/pppppppp/8/8/8/8/PPPPPPPP/RBBQKNNR w KQkq - 0 1
Fischer Random 693	rqbbknnr/pppppppp/8/8/8/8/PPPPPPPP/RQBBKNNR w KQkq - 0 1
Fischer Random 694	rqbknbnr/pppppppp/8/8/8/8/PPPPPPPP/RQBKNBNR w KQkq - 0 1
Fischer Random 695	rqbknnrb/pppppppp/8/8/8/8/PPPPPPPP/RQBKNNRB w KQkq - 0 1
Fischer Random 696	rbqkbnnr/pppppppp/8/8/8/8/PPPPPPPP/RBQKBNNR w KQkq - 0 1
Fischer Random 697	rqkbbnnr/pppppppp/8/8/8/8/PPPPPPPP/RQKBBNNR w KQkq - 0 1
Fischer Random 698	rqknbbnr/pppppppp/8/8/8/8/PPPPPPPP/RQKNBBNR w KQkq - 0 1
Fischer Random 699	rqknbnrb/pppppppp/8/8/8/8/PPPPPPPP/RQKNBNRB w KQkq - 0 1
Fischer Random 700	rbqknnbr/pppppppp/8/8/8/8/PPPPPPPP/RBQKNNBR w KQkq - 0 1
Fischer Random 701	rqkbnnbr/pppppppp/8/8/8/8/PPPPPPPP/RQKBNNBR w KQkq - 0 1
Fischer Random 702	rqknnbbr/pppppppp/8/8/8/8/PPPPPPPP/RQKNNBBR w KQkq - 0 1
Fischer Random 703	rqknnrbb/pppppppp/8/8/8/8/PPPPPPPP/RQKNNRBB w KQkq - 0 1
Fischer Random 704	bbrkqnnr/pppppppp/8/8/8/8/PPPPPPPP/BBRKQNNR w KQkq - 0 1
Fischer Random 705	brkbqnnr/pppppppp/8/8/8/8/PPPPPPPP/BRKBQNNR w KQkq - 0 1
Fischer Random 706	brkqnbnr/pppppppp/8/8/8/8/PPPPPPPP/BRKQNBNR w KQkq - 0 1
Fischer Random 707	brkqnnrb/pppppppp/8/8/8/8/PPPPPPPP/BRKQNNRB w KQkq - 0 1
Fischer Random 708	rbbkqnnr/pppppppp/8/8/8/8/PPPPPPPP/RBBKQNNR w KQkq - 0 1
Fischer Random 709	rkbbqnnr/pppppppp/8/8/8/8/PPPPPPPP/RKBBQNNR w KQkq - 0 1
Fischer Random 710	rkbqnbnr/pppppppp/8/8/8/8/PPPPPPPP/RKBQNBNR w KQkq - 0 1
Fischer Random 711	rkbqnnrb/pppppppp/8/8/8/8/PPPPPPPP/RKBQNNRB w KQkq - 0 1
Fischer Random 712	rbkqbnnr/pppppppp/8/8/8/8/PPPPPPPP/RBKQBNNR w KQkq - 0 1
Fischer Random 713	rkqbbnnr/pppppppp/8/8/8/8/PPPPPPPP/RKQBBNNR w KQkq - 0 1
Fischer Random 714	rkqnbbnr/pppppppp/8/8/8/8/PPPPPPPP/RKQNBBNR w KQkq - 0 1
Fischer Random 715	rkqnbnrb/pppppppp/8/8/8/8/PPPPPPPP/RKQNBNRB w KQkq - 0 1
Fischer Random 716	rbkqnnbr/pppppppp/8/8/8/8/PPPPPPPP/RBKQNNBR w KQkq - 0 1
Fischer Random 717	rkqbnnbr/pppppppp/8/8/8/8/PPPPPPPP/RKQBNNBR w KQkq - 0 1
Fischer Random 718	rkqnnbbr/pppppppp/8/8/8/8/PPPPPPPP/RKQNNBBR w KQkq - 0 1
Fischer Random 719	rkqnnrbb/pppppppp/8/8/8/8/PPPPPPPP/RKQNNRBB w KQkq - 0 1
Fischer Random 720	bbrknqnr/pppppppp/8/8/8/8/PPPPPPPP/BBRKNQNR w KQkq - 0 1
Fischer Random 721	brkbnqnr/pppppppp/8/8/8/8/PPPPPPPP/BRKBNQNR w KQkq - 0 1
Fischer Random 722	brknqbnr/pppppppp/8/8/8/8/PPPPPPPP/BRKNQBNR w KQkq - 0 1
Fischer Random 723	brknqnrb/pppppppp/8/8/8/8/PPPPPPPP/BRKNQNRB w KQkq - 0 1
Fischer Random 724	rbbknqnr/pppppppp/8/8/8/8/PPPPPPPP/RBBKNQNR w KQkq - 0 1
Fischer Random 725	rkbbnqnr/pppppppp/8/8/8/8/PPPPPPPP/RKBBNQNR w KQkq - 0 1
Fischer Random 726	rkbnqbnr/pppppppp/8/8/8/8/PPPPPPPP/RKBNQBNR w KQkq - 0 1
Fischer Random 727	rkbnqnrb/pppppppp/8/8/8/8/PPPPPPPP/RKBNQNRB w KQkq - 0 1
Fischer Random 728	rbknbqnr/pppppppp/8/8/8/8/PPPPPPPP/RBKNBQNR w KQkq - 0 1
Fischer Random 729	rknbbqnr/pppppppp/8/8/8/8/PPPPPPPP/RKNBBQNR w KQkq - 0 1
Fischer Random 730	rknqbbnr/pppppppp/8/8/8/8/PPPPPPPP/RKNQBBNR w KQkq - 0 1
Fischer Random 731	rknqbnrb/pppppppp/8/8/8/8/PPPPPPPP/RKNQBNRB w KQkq - 0 1
Fischer Random 732	rbknqnbr/pppppppp/8/8/8/8/PPPPPPPP/RBKNQNBR w KQkq - 0 1
Fischer Random 733	rknbqnbr/pppppppp/8/8/8/8/PPPPPPPP/RKNBQNBR w KQkq - 0 1
Fischer Random 734	rknqnbbr/pppppppp/8/8/8/8/PPPPPPPP/RKNQNBBR w KQkq - 0 1
Fischer Random 735	rknqnrbb/pppppppp/8/8/8/8/PPPPPPPP/RKNQNRBB w KQkq - 0 1
Fischer Random 736	bbrknnqr/pppppppp/8/8/8/8/PPPPPPPP/BBRKNNQR w KQkq - 0 1
Fischer Random 737	brkbnnqr/pppppppp/8/8/8/8/PPPPPPPP/BRKBNNQR w KQkq - 0 1
Fischer Random 738	brknnbqr/pppppppp/8/8/8/8/PPPPPPPP/BRKNNBQR w KQkq - 0 1
Fischer Random 739	brknnqrb/pppppppp/8/8/8/8/PPPPPPPP/BRKNNQRB w KQkq - 0 1
Fischer Random 740	rbbknnqr/pppppppp/8/8/8/8/PPPPPPPP/RBBKNNQR w KQkq - 0 1
Fischer Random 741	rkbbnnqr/pppppppp/8/8/8/8/PPPPPPPP/RKBBNNQR w KQkq - 0 1
Fischer Random 742	rkbnnbqr/pppppppp/8/8/8/8/PPPPPPPP/RKBNNBQR w KQkq - 0 1
Fischer Random 743	rkbnnqrb/pppppppp/8/8/8/8/PPPPPPPP/RKBNNQRB w KQkq - 0 1
Fischer Random 744	rbknbnqr/pppppppp/8/8/8/8/PPPPPPPP/RBKNBNQR w KQkq - 0 1
Fischer Random 745	rknbbnqr/pppppppp/8/8/8/8/PPPPPPPP/RKNBBNQR w KQkq - 0 1
Fischer Random 746	rknnbbqr/pppppppp/8/8/8/8/PPPPPPPP/RKNNBBQR w KQkq - 0 1
Fischer Random 747	rknnbqrb/pppppppp/8/8/8/8/PPPPPPPP/RKNNBQRB w KQkq - 0 1
Fischer Random 748	rbknnqbr/pppppppp/8/8/8/8/PPPPPPPP/RBKNNQBR w KQkq - 0 1
Fischer Random 749	rknbnqbr/pppppppp/8/8/8/8/PPPPPPPP/RKNBNQBR w KQkq - 0 1
Fischer Random 750	rknnqbbr/pppppppp/8/8/8/8/PPPPPPPP/RKNNQBBR w KQkq - 0 1
Fischer Random 751	rknnqrbb/pppppppp/8/8/8/8/PPPPPPPP/RKNNQRBB w KQkq - 0 1
Fischer Random 752	bbrknnrq/pppppppp/8/8/8/8/PPPPPPPP/BBRKNNRQ w KQkq - 0 1
Fischer Random 753	brkbnnrq/pppppppp/8/8/8/8/PPPPPPPP/BRKBNNRQ w KQkq - 0 1
Fischer Random 754	brknnbrq/pppppppp/8/8/8/8/PPPPPPPP/BRKNNBRQ w KQkq - 0 1
Fischer Random 755	brknnrqb/pppppppp/8/8/8/8/PPPPPPPP/BRKNNRQB w KQkq - 0 1
Fischer Random 756	rbbknnrq/pppppppp/8/8/8/8/PPPPPPPP/RBBKNNRQ w KQkq - 0 1
Fischer Random 757	rkbbnnrq/pppppppp/8/8/8/8/PPPPPPPP/RKBBNNRQ w KQkq - 0 1
Fischer Random 758	rkbnnbrq/pppppppp/8/8/8/8/PPPPPPPP/RKBNNBRQ w KQkq - 0 1
Fischer Random 759	rkbnnrqb/pppppppp/8/8/8/8/PPPPPPPP/RKBNNRQB w KQkq - 0 1
Fischer Random 760	rbknbnrq/pppppppp/8/8/8/8/PPPPPPPP/RBKNBNRQ w KQkq - 0 1
Fischer Random 761	rknbbnrq/pppppppp/8/8/8/8/PPPPPPPP/RKNBBNRQ w KQkq - 0 1
Fischer Random 762	rknnbbrq/pppppppp/8/8/8/8/PPPPPPPP/RKNNBBRQ w KQkq - 0 1
Fischer Random 763	rknnbrqb/pppppppp/8/8/8/8/PPPPPPPP/RKNNBRQB w KQkq - 0 1
Fischer Random 764	rbknnrbq/pppppppp/8/8/8/8/PPPPPPPP/RBKNNRBQ w KQkq - 0 1
Fischer Random 765	rknbnrbq/pppppppp/8/8/8/8/PPPPPPPP/RKNBNRBQ w KQkq - 0 1
Fischer Random 766	rknnrbbq/pppppppp/8/8/8/8/PPPPPPPP/RKNNRBBQ w KQkq - 0 1
Fischer Random 767	rknnrqbb/pppppppp/8/8/8/8/PPPPPPPP/RKNNRQBB w KQkq - 0 1
Fischer Random 768	bbqrknrn/pppppppp/8/8/8/8/PPPPPPPP/BBQRKNRN w KQkq - 0 1
Fischer Random 769	bqrbknrn/pppppppp/8/8/8/8/PPPPPPPP/BQRBKNRN w KQkq - 0 1
Fischer Random 770	bqrknbrn/pppppppp/8/8/8/8/PPPPPPPP/BQRKNBRN w KQkq - 0 1
Fischer Random 771	bqrknrnb/pppppppp/8/8/8/8/PPPPPPPP/BQRKNRNB w KQkq - 0 1
Fischer Random 772	qbbrknrn/pppppppp/8/8/8/8/PPPPPPPP/QBBRKNRN w KQkq - 0 1
Fischer Random 773	qrbbknrn/pppppppp/8/8/8/8/PPPPPPPP/QRBBKNRN w KQkq - 0 1
Fischer Random 774	qrbknbrn/pppppppp/8/8/8/8/PPPPPPPP/QRBKNBRN w KQkq - 0 1
Fischer Random 775	qrbknrnb/pppppppp/8/8/8/8/PPPPPPPP/QRBKNRNB w KQkq - 0 1
Fischer Random 776	qbrkbnrn/pppppppp/8/8/8/8/PPPPPPPP/QBRKBNRN w KQkq - 0 1
Fischer Random 777	qrkbbnrn/pppppppp/8/8/8/8/PPPPPPPP/QRKBBNRN w KQkq - 0 1
Fischer Random 778	qrknbbrn/pppppppp/8/8/8/8/PPPPPPPP/QRKNBBRN w KQkq - 0 1
Fischer Random 779	qrknbrnb/pppppppp/8/8/8/8/PPPPPPPP/QRKNBRNB w KQkq - 0 1
Fischer Random 780	qbrknrbn/pppppppp/8/8/8/8/PPPPPPPP/QBRKNRBN w KQkq - 0 1
Fischer Random 781	qrkbnrbn/pppppppp/8/8/8/8/PPPPPPPP/QRKBNRBN w KQkq - 0 1
Fischer Random 782	qrknrbbn/pppppppp/8/8/8/8/PPPPPPPP/QRKNRBBN w KQkq - 0 1
Fischer Random 783	qrknrnbb/pppppppp/8/8/8/8/PPPPPPPP/QRKNRNBB w KQkq - 0 1
Fischer Random 784	bbrqknrn/pppppppp/8/8/8/8/PPPPPPPP/BBRQKNRN w KQkq - 0 1
Fischer Random 785	brqbknrn/pppppppp/8/8/8/8/PPPPPPPP/BRQBKNRN w KQkq - 0 1
Fischer Random 786	brqknbrn/pppppppp/8/8/8/8/PPPPPPPP/BRQKNBRN w KQkq - 0 1
Fischer Random 787	brqknrnb/pppppppp/8/8/8/8/PPPPPPPP/BRQKNRNB w KQkq - 0 1
Fischer Random 788	rbbqknrn/pppppppp/8/8/8/8/PPPPPPPP/RBBQKNRN w KQkq - 0 1
Fischer Random 789	rqbbknrn/pppppppp/8/8/8/8/PPPPPPPP/RQBBKNRN w KQkq - 0 1
Fischer Random 790	rqbknbrn/pppppppp/8/8/8/8/PPPPPPPP/RQBKNBRN w KQkq - 0 1
Fischer Random 791	rqbknrnb/pppppppp/8/8/8/8/PPPPPPPP/RQBKNRNB w KQkq - 0 1
Fischer Random 792	rbqkbnrn/pppppppp/8/8/8/8/PPPPPPPP/RBQKBNRN w KQkq - 0 1
Fischer Random 793	rqkbbnrn/pppppppp/8/8/8/8/PPPPPPPP/RQKBBNRN w KQkq - 0 1
Fischer Random 794	rqknbbrn/pppppppp/8/8/8/8/PPPPPPPP/RQKNBBRN w KQkq - 0 1
Fischer Random 795	rqknbrnb/pppppppp/8/8/8/8/PPPPPPPP/RQKNBRNB w KQkq - 0 1
Fischer Random 796	rbqknrbn/pppppppp/8/8/8/8/PPPPPPPP/RBQKNRBN w KQkq - 0 1
Fischer Random 797	rqkbnrbn/pppppppp/8/8/8/8/PPPPPPPP/RQKBNRBN w KQkq - 0 1
Fischer Random 798	rqknrbbn/pppppppp/8/8/8/8/PPPPPPPP/RQKNRBBN w KQkq - 0 1
Fischer Random 799	rqknrnbb/pppppppp/8/8/8/8/PPPPPPPP/RQKNRNBB w KQkq - 0 1
Fischer Random 800	bbrkqnrn/pppppppp/8/8/8/8/PPPPPPPP/BBRKQNRN w KQkq - 0 1
Fischer Random 801	brkbqnrn/pppppppp/8/8/8/8/PPPPPPPP/BRKBQNRN w KQkq - 0 1
Fischer Random 802	brkqnbrn/pppppppp/8/8/8/8/PPPPPPPP/BRKQNBRN w KQkq - 0 1
Fischer Random 803	brkqnrnb/pppppppp/8/8/8/8/PPPPPPPP/BRKQNRNB w KQkq - 0 1
Fischer Random 804	rbbkqnrn/pppppppp/8/8/8/8/PPPPPPPP/RBBKQNRN w KQkq - 0 1
Fischer Random 805	rkbbqnrn/pppppppp/8/8/8/8/PPPPPPPP/RKBBQNRN w KQkq - 0 1
Fischer Random 806	rkbqnbrn/pppppppp/8/8/8/8/PPPPPPPP/RKBQNBRN w KQkq - 0 1
Fischer Random 807	rkbqnrnb/pppppppp/8/8/8/8/PPPPPPPP/RKBQNRNB w KQkq - 0 1
Fischer Random 808	rbkqbnrn/pppppppp/8/8/8/8/PPPPPPPP/RBKQBNRN w KQkq - 0 1
Fischer Random 809	rkqbbnrn/pppppppp/8/8/8/8/PPPPPPPP/RKQBBNRN w KQkq - 0 1
Fischer Random 810	rkqnbbrn/pppppppp/8/8/8/8/PPPPPPPP/RKQNBBRN w KQkq - 0 1
Fischer Random 811	rkqnbrnb/pppppppp/8/8/8/8/PPPPPPPP/RKQNBRNB w KQkq - 0 1
Fischer Random 812	rbkqnrbn/pppppppp/8/8/8/8/PPPPPPPP/RBKQNRBN w KQkq - 0 1
Fischer Random 813	rkqbnrbn/pppppppp/8/8/8/8/PPPPPPPP/RKQBNRBN w KQkq - 0 1
Fischer Random 814	rkqnrbbn/pppppppp/8/8/8/8/PPPPPPPP/RKQNRBBN w KQkq - 0 1
Fischer Random 815	rkqnrnbb/pppppppp/8/8/8/8/PPPPPPPP/RKQNRNBB w KQkq - 0 1
Fischer Random 816	bbrknqrn/pppppppp/8/8/8/8/PPPPPPPP/BBRKNQRN w KQkq - 0 1
Fischer Random 817	brkbnqrn/pppppppp/8/8/8/8/PPPPPPPP/BRKBNQRN w KQkq - 0 1
Fischer Random 818	brknqbrn/pppppppp/8/8/8/8/PPPPPPPP/BRKNQBRN w KQkq - 0 1
Fischer Random 819	brknqrnb/pppppppp/8/8/8/8/PPPPPPPP/BRKNQRNB w KQkq - 0 1
Fischer Random 820	rbbknqrn/pppppppp/8/8/8/8/PPPPPPPP/RBBKNQRN w KQkq - 0 1
Fischer Random 821	rkbbnqrn/pppppppp/8/8/8/8/PPPPPPPP/RKBBNQRN w KQkq - 0 1
Fischer Random 822	rkbnqbrn/pppppppp/8/8/8/8/PPPPPPPP/RKBNQBRN w KQkq - 0 1
Fischer Random 823	rkbnqrnb/pppppppp/8/8/8/8/PPPPPPPP/RKBNQRNB w KQkq - 0 1
Fischer Random 824	rbknbqrn/pppppppp/8/8/8/8/PPPPPPPP/RBKNBQRN w KQkq - 0 1
Fischer Random 825	rknbbqrn/pppppppp/8/8/8/8/PPPPPPPP/RKNBBQRN w KQkq - 0 1
Fischer Random 826	rknqbbrn/pppppppp/8/8/8/8/PPPPPPPP/RKNQBBRN w KQkq - 0 1
Fischer Random 827	rknqbrnb/pppppppp/8/8/8/8/PPPPPPPP/RKNQBRNB w KQkq - 0 1
Fischer Random 828	rbknqrbn/pppppppp/8/8/8/8/PPPPPPPP/RBKNQRBN w KQkq - 0 1
Fischer Random 829	rknbqrbn/pppppppp/8/8/8/8/PPPPPPPP/RKNBQRBN w KQkq - 0 1
Fischer Random 830	rknqrbbn/pppppppp/8/8/8/8/PPPPPPPP/RKNQRBBN w KQkq - 0 1
Fischer Random 831	rknqrnbb/pppppppp/8/8/8/8/PPPPPPPP/RKNQRNBB w KQkq - 0 1
Fischer Random 832	bbrknrqn/pppppppp/8/8/8/8/PPPPPPPP/BBRKNRQN w KQkq - 0 1
Fischer Random 833	brkbnrqn/pppppppp/8/8/8/8/PPPPPPPP/BRKBNRQN w KQkq - 0 1
Fischer Random 834	brknrbqn/pppppppp/8/8/8/8/PPPPPPPP/BRKNRBQN w KQkq - 0 1
Fischer Random 835	brknrqnb/pppppppp/8/8/8/8/PPPPPPPP/BRKNRQNB w KQkq - 0 1
Fischer Random 836	rbbknrqn/pppppppp/8/8/8/8/PPPPPPPP/RBBKNRQN w KQkq - 0 1
Fischer Random 837	rkbbnrqn/pppppppp/8/8/8/8/PPPPPPPP/RKBBNRQN w KQkq - 0 1
Fischer Random 838	rkbnrbqn/pppppppp/8/8/8/8/PPPPPPPP/RKBNRBQN w KQkq - 0 1
Fischer Random 839	rkbnrqnb/pppppppp/8/8/8/8/PPPPPPPP/RKBNRQNB w KQkq - 0 1
Fischer Random 840	rbknbrqn/pppppppp/8/8/8/8/PPPPPPPP/RBKNBRQN w KQkq - 0 1
Fischer Random 841	rknbbrqn/pppppppp/8/8/8/8/PPPPPPPP/RKNBBRQN w KQkq - 0 1
Fischer Random 842	rknrbbqn/pppppppp/8/8/8/8/PPPPPPPP/RKNRBBQN w KQkq - 0 1
Fischer Random 843	rknrbqnb/pppppppp/8/8/8/8/PPPPPPPP/RKNRBQNB w KQkq - 0 1
Fischer Random 844	rbknrqbn/pppppppp/8/8/8/8/PPPPPPPP/RBKNRQBN w KQkq - 0 1
Fischer Random 845	rknbrqbn/pppppppp/8/8/8/8/PPPPPPPP/RKNBRQBN w KQkq - 0 1
Fischer Random 846	rknrqbbn/pppppppp/8/8/8/8/PPPPPPPP/RKNRQBBN w KQkq - 0 1
Fischer Random 847	rknrqnbb/pppppppp/8/8/8/8/PPPPPPPP/RKNRQNBB w KQkq - 0 1
Fischer Random 848	bbrknrnq/pppppppp/8/8/8/8/PPPPPPPP/BBRKNRNQ w KQkq - 0 1
Fischer Random 849	brkbnrnq/pppppppp/8/8/8/8/PPPPPPPP/BRKBNRNQ w KQkq - 0 1
Fischer Random 850	brknrbnq/pppppppp/8/8/8/8/PPPPPPPP/BRKNRBNQ w KQkq - 0 1
Fischer Random 851	brknrnqb/pppppppp/8/8/8/8/PPPPPPPP/BRKNRNQB w KQkq - 0 1
Fischer Random 852	rbbknrnq/pppppppp/8/8/8/8/PPPPPPPP/RBBKNRNQ w KQkq - 0 1
Fischer Random 853	rkbbnrnq/pppppppp/8/8/8/8/PPPPPPPP/RKBBNRNQ w KQkq - 0 1
Fischer Random 854	rkbnrbnq/pppppppp/8/8/8/8/PPPPPPPP/RKBNRBNQ w KQkq - 0 1
Fischer Random 855	rkbnrnqb/pppppppp/8/8/8/8/PPPPPPPP/RKBNRNQB w KQkq - 0 1
Fischer Random 856	rbknbrnq/pppppppp/8/8/8/8/PPPPPPPP/RBKNBRNQ w KQkq - 0 1
Fischer Random 857	rknbbrnq/pppppppp/8/8/8/8/PPPPPPPP/RKNBBRNQ w KQkq - 0 1
Fischer Random 858	rknrbbnq/pppppppp/8/8/8/8/PPPPPPPP/RKNRBBNQ w KQkq - 0 1
Fischer Random 859	rknrbnqb/pppppppp/8/8/8/8/PPPPPPPP/RKNRBNQB w KQkq - 0 1
Fischer Random 860	rbknrnbq/pppppppp/8/8/8/8/PPPPPPPP/RBKNRNBQ w KQkq - 0 1
Fischer Random 861	rknbrnbq/pppppppp/8/8/8/8/PPPPPPPP/RKNBRNBQ w KQkq - 0 1
Fischer Random 862	rknrnbbq/pppppppp/8/8/8/8/PPPPPPPP/RKNRNBBQ w KQkq - 0 1
Fischer Random 863	rknrnqbb/pppppppp/8/8/8/8/PPPPPPPP/RKNRNQBB w KQkq - 0 1
Fischer Random 864	bbqrkrnn/pppppppp/8/8/8/8/PPPPPPPP/BBQRKRNN w KQkq - 0 1
Fischer Random 865	bqrbkrnn/pppppppp/8/8/8/8/PPPPPPPP/BQRBKRNN w KQkq - 0 1
Fischer Random 866	bqrkrbnn/pppppppp/8/8/8/8/PPPPPPPP/BQRKRBNN w KQkq - 0 1
Fischer Random 867	bqrkrnnb/pppppppp/8/8/8/8/PPPPPPPP/BQRKRNNB w KQkq - 0 1
Fischer Random 868	qbbrkrnn/pppppppp/8/8/8/8/PPPPPPPP/QBBRKRNN w KQkq - 0 1
Fischer Random 869	qrbbkrnn/pppppppp/8/8/8/8/PPPPPPPP/QRBBKRNN w KQkq - 0 1
Fischer Random 870	qrbkrbnn/pppppppp/8/8/8/8/PPPPPPPP/QRBKRBNN w KQkq - 0 1
Fischer Random 871	qrbkrnnb/pppppppp/8/8/8/8/PPPPPPPP/QRBKRNNB w KQkq - 0 1
Fischer Random 872	qbrkbrnn/pppppppp/8/8/8/8/PPPPPPPP/QBRKBRNN w KQkq - 0 1
Fischer Random 873	qrkbbrnn/pppppppp/8/8/8/8/PPPPPPPP/QRKBBRNN w KQkq - 0 1
Fischer Random 874	qrkrbbnn/pppppppp/8/8/8/8/PPPPPPPP/QRKRBBNN w KQkq - 0 1
Fischer Random 875	qrkrbnnb/pppppppp/8/8/8/8/PPPPPPPP/QRKRBNNB w KQkq - 0 1
Fischer Random 876	qbrkrnbn/pppppppp/8/8/8/8/PPPPPPPP/QBRKRNBN w KQkq - 0 1
Fischer Random 877	qrkbrnbn/pppppppp/8/8/8/8/PPPPPPPP/QRKBRNBN w KQkq - 0 1
Fischer Random 878	qrkrnbbn/pppppppp/8/8/8/8/PPPPPPPP/QRKRNBBN w KQkq - 0 1
Fischer Random 879	qrkrnnbb/pppppppp/8/8/8/8/PPPPPPPP/QRKRNNBB w KQkq - 0 1
Fischer Random 880	bbrqkrnn/pppppppp/8/8/8/8/PPPPPPPP/BBRQKRNN w KQkq - 0 1
Fischer Random 881	brqbkrnn/pppppppp/8/8/8/8/PPPPPPPP/BRQBKRNN w KQkq - 0 1
Fischer Random 882	brqkrbnn/pppppppp/8/8/8/8/PPPPPPPP/BRQKRBNN w KQkq - 0 1
Fischer Random 883	brqkrnnb/pppppppp/8/8/8/8/PPPPPPPP/BRQKRNNB w KQkq - 0 1
Fischer Random 884	rbbqkrnn/pppppppp/8/8/8/8/PPPPPPPP/RBBQKRNN w KQkq - 0 1
Fischer Random 885	rqbbkrnn/pppppppp/8/8/8/8/PPPPPPPP/RQBBKRNN w KQkq - 0 1
Fischer Random 886	rqbkrbnn/pppppppp/8/8/8/8/PPPPPPPP/RQBKRBNN w KQkq - 0 1
Fischer Random 887	rqbkrnnb/pppppppp/8/8/8/8/PPPPPPPP/RQBKRNNB w KQkq - 0 1
Fischer Random 888	rbqkbrnn/pppppppp/8/8/8/8/PPPPPPPP/RBQKBRNN w KQkq - 0 1
Fischer Random 889	rqkbbrnn/pppppppp/8/8/8/8/PPPPPPPP/RQKBBRNN w KQkq - 0 1
Fischer Random 890	rqkrbbnn/pppppppp/8/8/8/8/PPPPPPPP/RQKRBBNN w KQkq - 0 1
Fischer Random 891	rqkrbnnb/pppppppp/8/8/8/8/PPPPPPPP/RQKRBNNB w KQkq - 0 1
Fischer Random 892	rbqkrnbn/pppppppp/8/8/8/8/PPPPPPPP/RBQKRNBN w KQkq - 0 1
Fischer Random 893	rqkbrnbn/pppppppp/8/8/8/8/PPPPPPPP/RQKBRNBN w KQkq - 0 1
Fischer Random 894	rqkrnbbn/pppppppp/8/8/8/8/PPPPPPPP/RQKRNBBN w KQkq - 0 1
Fischer Random 895	rqkrnnbb/pppppppp/8/8/8/8/PPPPPPPP/RQKRNNBB w KQkq - 0 1
Fischer Random 896	bbrkqrnn/pppppppp/8/8/8/8/PPPPPPPP/BBRKQRNN w KQkq - 0 1
Fischer Random 897	brkbqrnn/pppppppp/8/8/8/8/PPPPPPPP/BRKBQRNN w KQkq - 0 1
Fischer Random 898	brkqrbnn/pppppppp/8/8/8/8/PPPPPPPP/BRKQRBNN w KQkq - 0 1
Fischer Random 899	brkqrnnb/pppppppp/8/8/8/8/PPPPPPPP/BRKQRNNB w KQkq - 0 1
Fischer Random 900	rbbkqrnn/pppppppp/8/8/8/8/PPPPPPPP/RBBKQRNN w KQkq - 0 1
Fischer Random 901	rkbbqrnn/pppppppp/8/8/8/8/PPPPPPPP/RKBBQRNN w KQkq - 0 1
Fischer Random 902	rkbqrbnn/pppppppp/8/8/8/8/PPPPPPPP/RKBQRBNN w KQkq - 0 1
Fischer Random 903	rkbqrnnb/pppppppp/8/8/8/8/PPPPPPPP/RKBQRNNB w KQkq - 0 1
Fischer Random 904	rbkqbrnn/pppppppp/8/8/8/8/PPPPPPPP/RBKQBRNN w KQkq - 0 1
Fischer Random 905	rkqbbrnn/pppppppp/8/8/8/8/PPPPPPPP/RKQBBRNN w KQkq - 0 1
Fischer Random 906	rkqrbbnn/pppppppp/8/8/8/8/PPPPPPPP/RKQRBBNN w KQkq - 0 1
Fischer Random 907	rkqrbnnb/pppppppp/8/8/8/8/PPPPPPPP/RKQRBNNB w KQkq - 0 1
Fischer Random 908	rbkqrnbn/pppppppp/8/8/8/8/PPPPPPPP/RBKQRNBN w KQkq - 0 1
Fischer Random 909	rkqbrnbn/pppppppp/8/8/8/8/PPPPPPPP/RKQBRNBN w KQkq - 0 1
Fischer Random 910	rkqrnbbn/pppppppp/8/8/8/8/PPPPPPPP/RKQRNBBN w KQkq - 0 1
Fischer Random 911	rkqrnnbb/pppppppp/8/8/8/8/PPPPPPPP/RKQRNNBB w KQkq - 0 1
Fischer Random 912	bbrkrqnn/pppppppp/8/8/8/8/PPPPPPPP/BBRKRQNN w KQkq - 0 1
Fischer Random 913	brkbrqnn/pppppppp/8/8/8/8/PPPPPPPP/BRKBRQNN w KQkq - 0 1
Fischer Random 914	brkrqbnn/pppppppp/8/8/8/8/PPPPPPPP/BRKRQBNN w KQkq - 0 1
Fischer Random 915	brkrqnnb/pppppppp/8/8/8/8/PPPPPPPP/BRKRQNNB w KQkq - 0 1
Fischer Random 916	rbbkrqnn/pppppppp/8/8/8/8/PPPPPPPP/RBBKRQNN w KQkq - 0 1
Fischer Random 917	rkbbrqnn/pppppppp/8/8/8/8/PPPPPPPP/RKBBRQNN w KQkq - 0 1
Fischer Random 918	rkbrqbnn/pppppppp/8/8/8/8/PPPPPPPP/RKBRQBNN w KQkq - 0 1
Fischer Random 919	rkbrqnnb/pppppppp/8/8/8/8/PPPPPPPP/RKBRQNNB w KQkq - 0 1
Fischer Random 920	rbkrbqnn/pppppppp/8/8/8/8/PPPPPPPP/RBKRBQNN w KQkq - 0 1
Fischer Random 921	rkrbbqnn/pppppppp/8/8/8/8/PPPPPPPP/RKRBBQNN w KQkq - 0 1
Fischer Random 922	rkrqbbnn/pppppppp/8/8/8/8/PPPPPPPP/RKRQBBNN w KQkq - 0 1
Fischer Random 923	rkrqbnnb/pppppppp/8/8/8/8/PPPPPPPP/RKRQBNNB w KQkq - 0 1
Fischer Random 924	rbkrqnbn/pppppppp/8/8/8/8/PPPPPPPP/RBKRQNBN w KQkq - 0 1
Fischer Random 925	rkrbqnbn/pppppppp/8/8/8/8/PPPPPPPP/RKRBQNBN w KQkq - 0 1
Fischer Random 926	rkrqnbbn/pppppppp/8/8/8/8/PPPPPPPP/RKRQNBBN w KQkq - 0 1
Fischer Random 927	rkrqnnbb/pppppppp/8/8/8/8/PPPPPPPP/RKRQNNBB w KQkq - 0 1
Fischer Random 928	bbrkrnqn/pppppppp/8/8/8/8/PPPPPPPP/BBRKRNQN w KQkq - 0 1
Fischer Random 929	brkbrnqn/pppppppp/8/8/8/8/PPPPPPPP/BRKBRNQN w KQkq - 0 1
Fischer Random 930	brkrnbqn/pppppppp/8/8/8/8/PPPPPPPP/BRKRNBQN w KQkq - 0 1
Fischer Random 931	brkrnqnb/pppppppp/8/8/8/8/PPPPPPPP/BRKRNQNB w KQkq - 0 1
Fischer Random 932	rbbkrnqn/pppppppp/8/8/8/8/PPPPPPPP/RBBKRNQN w KQkq - 0 1
Fischer Random 933	rkbbrnqn/pppppppp/8/8/8/8/PPPPPPPP/RKBBRNQN w KQkq - 0 1
Fischer Random 934	rkbrnbqn/pppppppp/8/8/8/8/PPPPPPPP/RKBRNBQN w KQkq - 0 1
Fischer Random 935	rkbrnqnb/pppppppp/8/8/8/8/PPPPPPPP/RKBRNQNB w KQkq - 0 1
Fischer Random 936	rbkrbnqn/pppppppp/8/8/8/8/PPPPPPPP/RBKRBNQN w KQkq - 0 1
Fischer Random 937	rkrbbnqn/pppppppp/8/8/8/8/PPPPPPPP/RKRBBNQN w KQkq - 0 1
Fischer Random 938	rkrnbbqn/pppppppp/8/8/8/8/PPPPPPPP/RKRNBBQN w KQkq - 0 1
Fischer Random 939	rkrnbqnb/pppppppp/8/8/8/8/PPPPPPPP/RKRNBQNB w KQkq - 0 1
Fischer Random 940	rbkrnqbn/pppppppp/8/8/8/8/PPPPPPPP/RBKRNQBN w KQkq - 0 1
Fischer Random 941	rkrbnqbn/pppppppp/8/8/8/8/PPPPPPPP/RKRBNQBN w KQkq - 0 1
Fischer Random 942	rkrnqbbn/pppppppp/8/8/8/8/PPPPPPPP/RKRNQBBN w KQkq - 0 1
Fischer Random 943	rkrnqnbb/pppppppp/8/8/8/8/PPPPPPPP/RKRNQNBB w KQkq - 0 1
Fischer Random 944	bbrkrnnq/pppppppp/8/8/8/8/PPPPPPPP/BBRKRNNQ w KQkq - 0 1
Fischer Random 945	brkbrnnq/pppppppp/8/8/8/8/PPPPPPPP/BRKBRNNQ w KQkq - 0 1
Fischer Random 946	brkrnbnq/pppppppp/8/8/8/8/PPPPPPPP/BRKRNBNQ w KQkq - 0 1
Fischer Random 947	brkrnnqb/pppppppp/8/8/8/8/PPPPPPPP/BRKRNNQB w KQkq - 0 1
Fischer Random 948	rbbkrnnq/pppppppp/8/8/8/8/PPPPPPPP/RBBKRNNQ w KQkq - 0 1
Fischer Random 949	rkbbrnnq/pppppppp/8/8/8/8/PPPPPPPP/RKBBRNNQ w KQkq - 0 1
Fischer Random 950	rkbrnbnq/pppppppp/8/8/8/8/PPPPPPPP/RKBRNBNQ w KQkq - 0 1
Fischer Random 951	rkbrnnqb/pppppppp/8/8/8/8/PPPPPPPP/RKBRNNQB w KQkq - 0 1
Fischer Random 952	rbkrbnnq/pppppppp/8/8/8/8/PPPPPPPP/RBKRBNNQ w KQkq - 0 1
Fischer Random 953	rkrbbnnq/pppppppp/8/8/8/8/PPPPPPPP/RKRBBNNQ w KQkq - 0 1
Fischer Random 954	rkrnbbnq/pppppppp/8/8/8/8/PPPPPPPP/RKRNBBNQ w KQkq - 0 1
Fischer Random 955	rkrnbnqb/pppppppp/8/8/8/8/PPPPPPPP/RKRNBNQB w KQkq - 0 1
Fischer Random 956	rbkrnnbq/pppppppp/8/8/8/8/PPPPPPPP/RBKRNNBQ w KQkq - 0 1
Fischer Random 957	rkrbnnbq/pppppppp/8/8/8/8/PPPPPPPP/RKRBNNBQ w KQkq - 0 1
Fischer Random 958	rkrnnbbq/pppppppp/8/8/8/8/PPPPPPPP/RKRNNBBQ w KQkq - 0 1
Fischer Random 959	rkrnnqbb/pppppppp/8/8/8/8/PPPPPPPP/RKRNNQBB w KQkq - 0 1